City,City_ascii,State_id,State_name,County_name,Lat,Long,Population	density,Timezone,Ranking,Id
New York,New York,NY,New York,36061,New York,40.6943,-73.9249,18713220,10715,polygon,FALSE,TRUE,America/New_York,1,11229 11226 11225 11224 11222 11221 11220 11385 10169 10168 10167 10165 10162 10282 10280 10040 10044 11109 11104 11105 11379 11378 11377 11697 11694 11692 11693 11691 10271 10279 10278 10075 10302 10301 10452 11451 10475 10474 10471 10470 10473 10472 11228 11223 10103 11368 11369 11366 11367 11364 11365 11362 11363 11360 11361 10028 10029 10026 10027 10024 10025 10022 10023 10020 10021 11212 11213 11210 11211 11216 11217 11214 11215 11218 11219 10152 10153 10154 10307 10306 10305 11429 10310 10311 10312 10314 11432 11433 11430 11436 11434 11435 10453 10451 10457 10456 10455 10454 10459 10458 10128 10004 10005 10006 10007 10001 10002 10003 10009 11238 11239 11230 11231 11232 11233 11234 11235 11236 11237 11375 11374 11371 11370 11373 11372 10170 10171 10172 10173 10174 10177 11351 10039 10038 10035 10034 10037 10036 10031 10030 10033 10032 11201 11208 11203 11205 11204 11207 11206 11209 11411 11412 11413 11414 11415 11416 11417 11418 11419 11101 11102 11103 11106 11001 11005 11004 10065 10069 10199 10309 10308 10304 10303 11428 11421 11420 11423 11422 11425 11424 11427 11426 10466 10467 10464 10465 10462 10463 10460 10461 10468 10469 10119 10115 10112 10110 10111 11359 11358 11357 11356 11355 11354 10019 10018 10013 10012 10011 10010 10017 10016 10014 10008 10041 10043 10055 10060 10080 10081 10087 10090 10101 10102 10104 10105 10106 10107 10108 10109 10113 10114 10116 10117 10118 10120 10121 10122 10123 10124 10125 10126 10129 10130 10131 10132 10133 10138 10150 10151 10155 10156 10157 10158 10159 10160 10163 10164 10166 10175 10176 10178 10179 10185 10203 10211 10212 10213 10242 10249 10256 10258 10259 10260 10261 10265 10268 10269 10270 10272 10273 10274 10275 10276 10277 10281 10285 10286 10313 11120 11202 11241 11242 11243 11245 11247 11249 11251 11252 11256 11352 11380 11381 11386 11405 11431 11437 11439 11499 11690 11695,1840034016
Los Angeles,Los Angeles,CA,California,06037,Los Angeles,34.1139,-118.4068,12750807,3276,polygon,FALSE,TRUE,America/Los_Angeles,1,90291 90293 90292 91316 91311 90037 90031 90008 90004 90005 90006 90007 90001 90002 90003 90710 90089 91344 91345 91340 91342 91343 90035 90034 90036 90033 90032 90039 90247 90248 91436 91371 91605 91604 91607 91601 91602 90402 90068 90069 90062 90063 90061 90066 90067 90064 90065 91326 91324 91325 90013 90012 90011 90010 90017 90016 90015 90014 90019 90090 90095 90094 91042 91040 91411 91352 91356 90041 90042 90043 90044 90045 90046 90047 90048 90049 90018 91423 90210 91303 91304 91306 91307 90079 90071 90077 90059 91608 91606 91331 91330 91335 90026 90027 90024 90025 90023 90020 90021 90028 90029 90272 90732 90731 90230 91406 91405 91403 91402 91401 91367 91364 90038 90057 90058 90744 90501 90502 90009 90030 90050 90051 90053 90054 90055 90060 90070 90072 90074 90075 90076 90078 90080 90081 90082 90083 90084 90086 90087 90088 90093 90099 90134 90189 90213 90294 90295 90296 90733 90734 90748 91041 91043 91305 91308 91309 91313 91327 91328 91329 91333 91334 91337 91346 91353 91357 91365 91392 91393 91394 91395 91396 91404 91407 91408 91409 91410 91412 91413 91416 91426 91470 91482 91495 91496 91499 91603 91609 91610 91611 91612 91614 91615 91616 91617 91618,1840020491
Chicago,Chicago,IL,Illinois,17031,Cook,41.8373,-87.6862,8604203,4574,polygon,FALSE,TRUE,America/Chicago,1,60018 60649 60641 60640 60643 60642 60645 60644 60647 60646 60616 60617 60614 60615 60612 60613 60610 60611 60618 60619 60827 60638 60639 60634 60636 60637 60630 60631 60632 60633 60605 60604 60607 60606 60601 60603 60602 60609 60608 60106 60661 60660 60659 60652 60653 60651 60656 60657 60654 60655 60623 60622 60621 60620 60626 60625 60624 60629 60628 60707 60499 60664 60666 60668 60669 60670 60673 60674 60675 60677 60678 60680 60681 60684 60685 60686 60687 60688 60689 60690 60694 60695 60696 60699,1840000494
Miami,Miami,FL,Florida,12086,Miami-Dade,25.7839,-80.2102,6445545,5019,polygon,FALSE,TRUE,America/New_York,1,33129 33125 33126 33127 33128 33149 33144 33145 33142 33139 33138 33137 33136 33135 33134 33133 33132 33131 33130 33150 33101 33109 33111 33151 33222 33231 33233 33238 33255 33299,1840015149
Dallas,Dallas,TX,Texas,48113,Dallas,32.7936,-96.7662,5743938,1526,polygon,FALSE,TRUE,America/Chicago,1,75287 75098 75233 75254 75251 75252 75253 75032 75238 75232 75230 75231 75236 75237 75234 75235 75088 75087 75243 75246 75244 75249 75248 75051 75166 75210 75211 75212 75214 75215 75216 75217 75218 75219 75390 75182 75229 75228 75220 75223 75225 75224 75227 75226 75241 75240 75247 75270 75043 75207 75206 75205 75204 75203 75202 75201 75209 75208 75019 75221 75222 75242 75250 75260 75262 75263 75264 75266 75267 75277 75283 75284 75285 75301 75303 75312 75313 75315 75320 75336 75339 75342 75354 75355 75356 75357 75358 75359 75360 75367 75370 75371 75372 75373 75374 75376 75378 75379 75380 75382 75389 75392 75393 75394 75395 75397 75398,1840019440
Philadelphia,Philadelphia,PA,Pennsylvania,42101,Philadelphia,40.0077,-75.1339,5649300,4554,polygon,FALSE,TRUE,America/New_York,1,19154 19151 19150 19153 19152 19102 19103 19106 19107 19104 19109 19128 19129 19120 19121 19122 19123 19124 19125 19126 19127 19112 19111 19115 19114 19116 19119 19118 19148 19149 19146 19147 19144 19145 19142 19143 19140 19141 19139 19138 19137 19136 19135 19134 19133 19132 19131 19130 19019 19092 19093 19099 19101 19105 19108 19110 19155 19160 19161 19162 19170 19171 19172 19173 19175 19176 19177 19178 19179 19181 19182 19183 19184 19185 19187 19188 19190 19191 19192 19193 19194 19195 19196 19197 19244 19255,1840000673
Houston,Houston,TX,Texas,48201,Harris,29.7863,-95.3889,5464251,1399,polygon,FALSE,TRUE,America/Chicago,1,77069 77068 77061 77060 77063 77062 77065 77064 77067 77066 77036 77037 77034 77035 77032 77033 77030 77031 77038 77449 77489 77046 77045 77044 77040 77048 77201 77598 77018 77019 77015 77016 77017 77010 77011 77012 77013 77091 77093 77099 77053 77346 77345 77546 77547 77025 77024 77027 77026 77021 77020 77023 77022 77029 77028 77094 77096 77090 77098 77078 77079 77072 77073 77070 77071 77076 77077 77074 77075 77407 77047 77043 77041 77336 77339 77338 77003 77002 77007 77006 77005 77004 77009 77008 77571 77450 77082 77089 77088 77083 77081 77080 77087 77086 77085 77084 77092 77042 77054 77055 77056 77057 77058 77059 77396 77051 77506 77504 77001 77052 77202 77203 77204 77205 77206 77207 77208 77209 77210 77212 77213 77215 77216 77217 77218 77219 77220 77221 77222 77223 77225 77226 77227 77228 77229 77230 77231 77233 77234 77235 77236 77237 77241 77242 77243 77244 77245 77248 77249 77251 77252 77253 77254 77255 77256 77257 77259 77261 77262 77263 77266 77269 77270 77271 77272 77273 77274 77275 77282 77284 77287 77288 77289 77291 77292 77293 77297 77299 77315 77325 77411,1840020925
Atlanta,Atlanta,GA,Georgia,13121,Fulton,33.7627,-84.4224,5449398,1441,polygon,FALSE,TRUE,America/New_York,1,30334 30331 30332 30309 30308 30305 30307 30303 30354 30327 30322 30326 30324 30319 30342 30306 30318 30316 30317 30314 30315 30312 30313 30310 30311 30363 30301 30302 30304 30321 30325 30333 30343 30348 30353 30355 30357 30361 30368 30369 30370 30371 30375 30377 30392 30394 30398 31106 31107 31126 31139 31141 31193 31195 31196,1840013660
Washington,Washington,DC,District of Columbia,11001,District of Columbia,38.9047,-77.0163,5379184,4457,polygon,FALSE,TRUE,America/New_York,1,20010 20011 20012 20015 20228 20520 20307 20418 20319 20024 20510 20593 20020 20427 20540 20240 20245 20204 20202 20390 20006 20005 20004 20003 20002 20009 20008 20535 20317 20405 20057 20052 20053 20017 20018 20565 20566 20560 20260 20064 20551 20553 20019 20230 20373 20007 20032 20036 20037 20506 20001 20045 20016 20013 20022 20026 20027 20029 20030 20033 20035 20038 20039 20040 20042 20043 20044 20047 20049 20050 20055 20056 20058 20059 20060 20061 20062 20063 20065 20066 20067 20068 20069 20070 20071 20073 20074 20075 20076 20077 20078 20080 20081 20082 20090 20091 20201 20203 20206 20207 20208 20210 20211 20212 20213 20214 20215 20216 20217 20218 20219 20220 20221 20222 20223 20224 20226 20227 20229 20232 20233 20235 20237 20238 20239 20241 20242 20244 20250 20251 20252 20254 20261 20262 20265 20266 20268 20270 20277 20289 20299 20301 20303 20306 20310 20314 20318 20330 20340 20350 20355 20370 20372 20374 20375 20376 20380 20388 20389 20391 20392 20393 20394 20395 20398 20401 20402 20403 20404 20406 20407 20408 20410 20411 20412 20413 20414 20415 20416 20417 20419 20420 20421 20422 20423 20424 20425 20426 20428 20429 20431 20433 20434 20435 20436 20437 20439 20440 20441 20442 20444 20447 20451 20453 20456 20460 20463 20468 20469 20470 20472 20500 20501 20502 20503 20504 20505 20507 20508 20509 20511 20515 20521 20522 20523 20524 20525 20526 20527 20528 20529 20530 20531 20533 20534 20536 20537 20538 20539 20541 20542 20543 20544 20546 20547 20548 20549 20552 20554 20555 20557 20559 20570 20571 20572 20573 20575 20576 20577 20578 20579 20580 20581 20585 20586 20590 20591 20594 20597 20599 56901 56902 56904 56908 56915 56920 56933 56935 56944 56945 56950 56965 56967 56972 56998 56999,1840006060
Boston,Boston,MA,Massachusetts,25025,Suffolk,42.3188,-71.0846,4688346,5532,polygon,FALSE,TRUE,America/New_York,1,02120 02121 02122 02124 02125 02126 02127 02128 02129 02467 02210 02215 02119 02118 02111 02110 02113 02115 02114 02116 02199 02134 02136 02135 02132 02131 02130 02203 02163 02152 02108 02109 02112 02117 02123 02133 02137 02196 02201 02205 02206 02211 02212 02217 02222 02241 02283 02284 02293 02297 02298,1840000455
Phoenix,Phoenix,AZ,Arizona,04013,Maricopa,33.5722,-112.0891,4219697,1253,polygon,FALSE,TRUE,America/Phoenix,1,85008 85009 85006 85007 85004 85083 85086 85087 85085 85383 85033 85304 85306 85308 85020 85021 85022 85023 85024 85027 85028 85029 85353 85019 85018 85013 85012 85015 85014 85017 85016 85254 85003 85044 85045 85042 85043 85040 85041 85048 85054 85037 85035 85034 85032 85031 85307 85310 85051 85050 85053 85001 85002 85005 85010 85011 85026 85030 85036 85038 85046 85060 85061 85062 85063 85064 85065 85066 85067 85068 85069 85070 85071 85072 85073 85074 85075 85076 85078 85079 85080 85082,1840020568
Seattle,Seattle,WA,Washington,53033,King,47.6211,-122.3244,3789215,3469,polygon,FALSE,TRUE,America/Los_Angeles,1,98109 98108 98104 98107 98106 98101 98103 98102 98105 98154 98122 98121 98126 98125 98178 98174 98177 98144 98146 98195 98199 98118 98119 98116 98117 98115 98112 98164 98134 98136 98133 98111 98113 98114 98124 98127 98129 98139 98141 98145 98161 98165 98170 98175 98181 98185 98191 98194,1840021117
San Francisco,San Francisco,CA,California,06075,San Francisco,37.7562,-122.4430,3592294,7256,polygon,FALSE,TRUE,America/Los_Angeles,1,94130 94131 94132 94133 94134 94109 94108 94103 94102 94105 94104 94158 94127 94124 94123 94122 94121 94129 94118 94110 94112 94116 94117 94114 94115 94111 94107 94119 94120 94125 94126 94137 94139 94140 94141 94142 94143 94144 94145 94146 94147 94151 94159 94160 94161 94163 94164 94172 94177 94188,1840021543
Detroit,Detroit,MI,Michigan,26163,Wayne,42.3834,-83.1024,3506126,1864,polygon,FALSE,TRUE,America/Detroit,1,48209 48208 48201 48207 48205 48204 48203 48206 48227 48238 48239 48234 48235 48233 48202 48243 48214 48215 48216 48217 48210 48211 48212 48213 48219 48228 48224 48226 48221 48223 48231 48232 48244 48255 48260 48264 48266 48267 48268 48269 48272 48275 48277 48278 48279 48288,1840003971
San Diego,San Diego,CA,California,06073,San Diego,32.8312,-117.1225,3220118,1686,polygon,FALSE,TRUE,America/Los_Angeles,1,92109 92108 92103 92111 92154 92110 92115 92140 92107 92106 92105 92104 92102 92071 92132 92130 92131 92134 92139 92025 92027 92147 92145 92014 92119 92117 92121 92120 92123 92122 92124 92127 92126 92129 92128 92101 92037 92173 92113 92114 92116 92038 92039 92072 92092 92093 92112 92137 92138 92142 92143 92149 92150 92152 92153 92158 92159 92160 92161 92163 92165 92166 92167 92168 92169 92170 92171 92172 92174 92175 92176 92177 92179 92182 92186 92187 92191 92192 92193 92195 92196 92197 92198 92199,1840021990
Minneapolis,Minneapolis,MN,Minnesota,27053,Hennepin,44.9635,-93.2678,2977172,3071,polygon,FALSE,TRUE,America/Chicago,1,55403 55409 55408 55407 55406 55405 55404 55402 55401 55430 55454 55455 55418 55419 55410 55411 55412 55413 55414 55415 55416 55417 55440 55458 55459 55467 55470 55472 55474 55478 55479 55480 55483 55484 55485 55486 55487 55488,1840007830
Tampa,Tampa,FL,Florida,12057,Hillsborough,27.9942,-82.4451,2908063,1353,polygon,FALSE,TRUE,America/New_York,1,33637 33629 33621 33620 33619 33616 33613 33610 33617 33614 33611 33612 33605 33603 33647 33609 33604 33607 33606 33602 33608 33622 33623 33630 33631 33633 33646 33650 33655 33664 33672 33673 33674 33677 33679 33681 33684 33686 33689,1840015982
Denver,Denver,CO,Colorado,08031,Denver,39.7621,-104.8759,2876625,1831,polygon,FALSE,TRUE,America/Denver,1,80264 80230 80231 80236 80237 80235 80238 80239 80123 80249 80247 80246 80290 80293 80294 80218 80219 80210 80211 80212 80216 80221 80220 80223 80222 80224 80227 80209 80207 80206 80205 80204 80202 80014 80203 80208 80217 80243 80244 80248 80250 80256 80257 80259 80261 80262 80265 80266 80271 80273 80274 80281 80291 80299,1840018789
Brooklyn,Brooklyn,NY,New York,36047,Kings,40.6501,-73.9496,2559903,14221,polygon,FALSE,TRUE,America/New_York,1,11212 11213 11216 11233 11238 11209 11214 11228 11204 11218 11219 11230 11234 11236 11239 11223 11224 11229 11235 11201 11205 11215 11217 11231 11203 11210 11225 11226 11207 11208 11211 11222 11220 11232 11206 11221 11237,1840034030
Queens,Queens,NY,New York,36081,Queens,40.7498,-73.7976,2230722,7885,polygon,FALSE,TRUE,America/New_York,1,11361 11362 11363 11364 11354 11355 11356 11357 11358 11359 11360 11365 11366 11367 11412 11423 11432 11433 11434 11435 11436 11101 11102 11103 11104 11105 11106 11374 11375 11379 11385 11691 11692 11693 11694 11695 11697 11004 11005 11411 11413 11422 11426 11427 11428 11429 11414 11415 11416 11417 11418 11419 11420 11421 11368 11369 11370 11372 11373 11377 11378,1840034002
Riverside,Riverside,CA,California,06065,Riverside,33.9381,-117.3948,2107852,1574,polygon,FALSE,TRUE,America/Los_Angeles,1,92508 92503 92501 92505 92504 92507 92506 92502 92513 92514 92516 92517 92521 92522,1840020551
Baltimore,Baltimore,MD,Maryland,24510,Baltimore,39.3051,-76.6144,2106068,2830,polygon,FALSE,TRUE,America/New_York,1,21218 21211 21210 21213 21212 21215 21214 21217 21216 21231 21230 21239 21251 21209 21202 21206 21207 21205 21226 21201 21223 21224 21225 21229 21203 21233 21263 21264 21270 21273 21275 21278 21279 21281 21287 21290 21297 21298,1840001592
Las Vegas,Las Vegas,NV,Nevada,32003,Clark,36.2333,-115.2654,2104198,1773,polygon,FALSE,TRUE,America/Los_Angeles,1,89107 89106 89104 89102 89101 89108 89138 89130 89131 89134 89143 89146 89145 89144 89149 89124 89110 89117 89129 89128 88901 88905 89105 89114 89116 89125 89126 89127 89133 89137 89140 89151 89152 89153 89155 89158 89163 89185 89195,1840020364
Portland,Portland,OR,Oregon,41051,Multnomah,45.5372,-122.6500,2074775,1894,polygon,FALSE,TRUE,America/Los_Angeles,1,97227 97221 97220 97229 97203 97202 97201 97206 97205 97204 97209 97208 97266 97218 97236 97232 97233 97230 97239 97219 97214 97215 97216 97217 97210 97211 97212 97213 97207 97228 97238 97240 97242 97250 97251 97252 97253 97254 97256 97280 97282 97283 97286 97290 97291 97292 97293 97294,1840019941
San Antonio,San Antonio,TX,Texas,48029,Bexar,29.4658,-98.5253,2049293,1231,polygon,FALSE,TRUE,America/Chicago,1,78112 78259 78258 78252 78251 78250 78257 78256 78255 78254 78208 78201 78202 78203 78204 78205 78207 78245 78231 78230 78233 78232 78235 78234 78237 78239 78238 78209 78109 78266 78260 78219 78218 78217 78216 78215 78214 78213 78212 78211 78210 78244 78247 78240 78242 78248 78249 78073 78023 78222 78223 78220 78221 78226 78227 78224 78225 78228 78229 78206 78241 78246 78265 78268 78269 78270 78278 78279 78280 78283 78284 78285 78288 78289 78291 78292 78293 78294 78295 78296 78297 78298 78299,1840022220
St. Louis,St. Louis,MO,Missouri,29510,St. Louis,38.6358,-90.2451,2024074,1879,polygon,FALSE,TRUE,America/Chicago,1,63110 63111 63112 63113 63115 63116 63118 63120 63139 63107 63106 63104 63103 63102 63101 63109 63108 63155 63137 63143 63147 63150 63156 63157 63158 63160 63163 63164 63166 63169 63177 63178 63179 63180 63188 63197,1840001651
Sacramento,Sacramento,CA,California,06067,Sacramento,38.5667,-121.4683,1898019,2029,polygon,FALSE,TRUE,America/Los_Angeles,1,95820 95838 95832 95833 95831 95834 95835 95811 95814 95815 95816 95818 95819 95828 95821 95823 95822 95825 95824 95826 95817 94203 94204 94205 94207 94208 94209 94211 94229 94230 94232 94234 94235 94236 94237 94239 94240 94244 94245 94247 94248 94249 94250 94252 94254 94256 94257 94258 94259 94261 94262 94263 94267 94268 94269 94271 94273 94274 94277 94278 94279 94280 94282 94283 94284 94285 94287 94288 94289 94290 94291 94293 94294 94295 94296 94297 94298 94299 95812 95813 95840 95851 95852 95853 95867 95894,1840021491
Orlando,Orlando,FL,Florida,12095,Orange,28.4772,-81.3369,1822394,1003,polygon,FALSE,TRUE,America/New_York,1,32829 32827 32824 32822 32804 32805 32806 32807 32801 32803 32808 32839 32835 32832 32819 32811 32814 32812 32802 32853 32854 32856 32861 32862 32872 32877 32885 32886 32891 32897,1840015099
San Jose,San Jose,CA,California,06085,Santa Clara,37.3019,-121.8486,1798103,2218,polygon,FALSE,TRUE,America/Los_Angeles,1,95118 95128 95124 95125 95123 95008 95002 95117 95116 95111 95110 95113 95112 95119 95126 95127 95120 95121 95148 95133 95132 95131 95130 95136 95135 95134 95139 95138 95037 95013 95129 95122 95101 95103 95106 95109 95115 95141 95150 95151 95153 95154 95155 95156 95157 95158 95159 95160 95161 95164 95172 95173 95190 95191 95192 95193 95194 95196,1840021570
Cleveland,Cleveland,OH,Ohio,39035,Cuyahoga,41.4767,-81.6804,1710093,1893,polygon,FALSE,TRUE,America/New_York,1,44135 44128 44119 44113 44112 44111 44110 44115 44114 44144 44127 44120 44104 44105 44106 44101 44102 44103 44108 44109 44181 44190 44191 44192 44193 44194 44195 44197 44198 44199,1840000596
Pittsburgh,Pittsburgh,PA,Pennsylvania,42003,Allegheny,40.4396,-79.9762,1703266,2093,polygon,FALSE,TRUE,America/New_York,1,15216 15217 15214 15212 15213 15210 15211 15218 15219 15290 15232 15233 15260 15205 15204 15207 15206 15201 15203 15208 15224 15234 15222 15221 15220 15226 15120 15230 15240 15250 15251 15252 15253 15254 15255 15257 15258 15259 15261 15262 15264 15265 15267 15270 15272 15274 15279 15281 15282 15286 15289 15295,1840001254
Austin,Austin,TX,Texas,48453,Travis,30.3004,-97.7522,1687311,1181,polygon,FALSE,TRUE,America/Chicago,1,78749 78748 78741 78742 78745 78744 78747 78746 78717 78712 78719 78617 78739 78735 78730 78731 78732 78733 78705 78704 78701 78703 78702 78758 78759 78752 78753 78750 78751 78756 78757 78754 78652 78723 78722 78721 78727 78726 78725 78724 78729 78728 73301 73344 78651 78680 78708 78709 78710 78711 78713 78714 78715 78718 78720 78755 78760 78761 78762 78763 78765 78766 78767 78768 78772 78773 78774 78778 78779 78783 78799,1840019590
Cincinnati,Cincinnati,OH,Ohio,39061,Hamilton,39.1413,-84.5061,1662691,1507,polygon,FALSE,TRUE,America/New_York,1,45219 45213 45212 45211 45217 45216 45214 45233 45225 45237 45229 45226 45227 45224 45232 45230 45204 45205 45206 45207 45202 45203 45208 45209 45223 45239 45238 45220 45201 45221 45250 45254 45262 45263 45264 45267 45268 45269 45270 45271 45273 45274 45275 45296 45298 45299 45999,1840003814
Kansas City,Kansas City,MO,Missouri,29095,Jackson,39.1239,-94.5541,1636715,607,polygon,FALSE,TRUE,America/Chicago,1,64161 64163 64165 64167 64053 64151 64153 64155 64154 64157 64156 64158 64108 64109 64102 64106 64105 64101 64128 64129 64124 64125 64126 64127 64120 64123 64164 64166 64192 64119 64118 64114 64117 64116 64111 64110 64113 64112 64132 64130 64146 64145 64149 64147 64139 64138 64133 64131 64137 64136 64134 64121 64141 64148 64162 64170 64171 64179 64180 64184 64187 64188 64191 64195 64196 64197 64198 64199 64999,1840008535
Manhattan,Manhattan,NY,New York,36061,New York,40.7834,-73.9662,1628706,27545,polygon,FALSE,TRUE,America/New_York,1,10026 10027 10030 10037 10039 10001 10011 10018 10019 10020 10036 10029 10035 10010 10016 10017 10022 10012 10013 10014 10004 10005 10006 10007 10038 10280 10002 10003 10009 10021 10028 10044 10065 10075 10128 10023 10024 10025 10031 10032 10033 10034 10040,1840034000
Indianapolis,Indianapolis,IN,Indiana,18097,Marion,39.7771,-86.1458,1588961,935,polygon,FALSE,TRUE,America/Indiana/Indianapolis,1,46218 46219 46217 46214 46260 46268 46224 46228 46183 46231 46234 46235 46236 46237 46239 46250 46208 46201 46203 46202 46205 46204 46256 46254 46259 46227 46226 46225 46222 46221 46220 46229 46113 46278 46241 46240 46206 46207 46209 46230 46242 46244 46247 46251 46253 46255 46262 46277 46282 46283 46285 46288 46298,1840030084
Columbus,Columbus,OH,Ohio,39049,Franklin,39.9862,-82.9850,1562009,1582,polygon,FALSE,TRUE,America/New_York,1,43026 43109 43054 43220 43221 43222 43223 43224 43081 43228 43227 43211 43213 43212 43215 43214 43217 43219 43002 43004 43068 43085 43240 43229 43235 43232 43231 43230 43119 43110 43017 43016 43137 43210 43202 43203 43201 43206 43207 43204 43205 43209 43218 43236 43251 43260 43266 43268 43270 43271 43272 43279 43287 43291,1840003760
Charlotte,Charlotte,NC,North Carolina,37119,Mecklenburg,35.2080,-80.8304,1512923,1113,polygon,FALSE,TRUE,America/New_York,1,28269 28262 28105 28280 28282 28209 28208 28205 28204 28207 28206 28203 28202 28227 28226 28278 28270 28273 28277 28134 28216 28217 28214 28215 28212 28213 28210 28211 28244 28126 28130 28201 28218 28219 28220 28221 28222 28223 28224 28228 28229 28230 28231 28232 28233 28234 28235 28237 28241 28242 28243 28246 28247 28253 28254 28255 28256 28258 28260 28263 28265 28266 28271 28272 28274 28275 28281 28284 28285 28287 28288 28289 28290 28296 28297 28299,1840014557
Virginia Beach,Virginia Beach,VA,Virginia,51810,Virginia Beach,36.7335,-76.0435,1478868,709,polygon,FALSE,TRUE,America/New_York,1,23459 23451 23453 23452 23455 23457 23456 23454 23460 23461 23462 23464 23450 23458 23463 23465 23466 23467 23471 23479,1840003871
Bronx,Bronx,NY,New York,36005,Bronx,40.8501,-73.8662,1418207,12862,polygon,FALSE,TRUE,America/New_York,1,10453 10457 10460 10458 10467 10468 10451 10452 10456 10454 10455 10459 10474 10463 10471 10466 10469 10470 10475 10461 10462 10464 10465 10472 10473,1840033999
Milwaukee,Milwaukee,WI,Wisconsin,55079,Milwaukee,43.0642,-87.9673,1365787,2369,polygon,FALSE,TRUE,America/Chicago,1,53203 53202 53207 53206 53205 53204 53209 53208 53233 53211 53218 53219 53214 53215 53216 53210 53212 53213 53295 53225 53224 53227 53226 53221 53220 53223 53222 53228 53201 53237 53259 53263 53274 53278 53288 53290 53293,1840003046
Providence,Providence,RI,Rhode Island,44007,Providence,41.8230,-71.4187,1203230,3773,polygon,FALSE,TRUE,America/New_York,1,02903 02906 02907 02905 02908 02909 02904 02912 02901 02902 02918 02940,1840003289
Jacksonville,Jacksonville,FL,Florida,12031,Duval,30.3322,-81.6749,1181496,470,polygon,FALSE,TRUE,America/New_York,1,32224 32225 32226 32227 32220 32221 32222 32223 32228 32219 32218 32217 32216 32211 32210 32212 32246 32244 32233 32234 32209 32205 32202 32250 32254 32257 32256 32208 32206 32207 32258 32277 32204 32099 32201 32203 32214 32229 32231 32232 32235 32236 32238 32239 32241 32245 32247 32255,1840015031
Salt Lake City,Salt Lake City,UT,Utah,49035,Salt Lake,40.7777,-111.9306,1098526,699,polygon,FALSE,TRUE,America/Denver,1,84116 84115 84113 84112 84111 84144 84128 84180 84108 84101 84102 84103 84104 84105 84106 84110 84114 84122 84132 84133 84134 84138 84139 84143 84145 84147 84148 84150 84151 84152 84158 84199,1840021383
Nashville,Nashville,TN,Tennessee,47037,Davidson,36.1715,-86.7843,1081903,544,polygon,FALSE,TRUE,America/Chicago,1,37027 37138 37076 37072 37205 37201 37206 37240 37243 37246 37080 37218 37219 37216 37217 37214 37215 37212 37213 37210 37211 37189 37209 37208 37204 37207 37203 37115 37013 37228 37221 37220 37143 37011 37116 37202 37222 37224 37227 37229 37230 37232 37234 37235 37236 37238 37241 37242 37244 37250,1840036155
Richmond,Richmond,VA,Virginia,51760,Richmond,37.5295,-77.4756,1075798,1484,polygon,FALSE,TRUE,America/New_York,1,23222 23223 23220 23221 23226 23227 23224 23225 23230 23235 23234 23219 23173 23218 23232 23249 23260 23261 23269 23274 23276 23278 23282 23284 23285 23286 23289 23290 23291 23292 23295 23298,1840001698
Memphis,Memphis,TN,Tennessee,47157,Shelby,35.1046,-89.9773,1066967,792,polygon,FALSE,TRUE,America/Chicago,1,38120 38127 38107 38106 38105 38104 38103 38109 38108 38152 38132 38133 38131 38134 38141 38112 38111 38114 38115 38116 38117 38118 38119 38018 38016 38128 38122 38125 38126 37501 37544 38088 38101 38113 38124 38130 38136 38137 38145 38148 38150 38151 38157 38159 38161 38163 38166 38168 38173 38174 38175 38177 38181 38182 38184 38186 38187 38188 38190 38193 38194 38197,1840015457
Raleigh,Raleigh,NC,North Carolina,37183,Wake,35.8325,-78.6435,1038738,1254,polygon,FALSE,TRUE,America/New_York,1,27617 27616 27615 27614 27613 27612 27610 27608 27609 27601 27603 27604 27605 27606 27607 27602 27619 27620 27622 27624 27626 27627 27628 27634 27636 27640 27650 27656 27658 27661 27668 27675 27676 27690 27697 27698,1840014497
New Orleans,New Orleans,LA,Louisiana,22071,Orleans,30.0687,-89.9288,1020886,889,polygon,FALSE,TRUE,America/Chicago,1,70139 70130 70131 70114 70115 70116 70117 70112 70113 70118 70119 70129 70128 70125 70124 70127 70126 70122 70163 70142 70145 70146 70148 70150 70151 70152 70153 70154 70156 70157 70158 70159 70160 70161 70162 70164 70165 70166 70167 70170 70172 70174 70175 70176 70177 70178 70179 70181 70182 70184 70185 70186 70187 70189 70190 70195,1840001839
Louisville,Louisville,KY,Kentucky,21111,Jefferson,38.1663,-85.6485,1005654,905,polygon,FALSE,TRUE,America/New_York,1,40177 40245 40241 40218 40219 40214 40216 40211 40213 40059 40291 40299 40220 40223 40222 40229 40228 40023 40272 40207 40209 40258 40118 40018 40027 40225 40261 40268 40269 40281,1840030815
Oklahoma City,Oklahoma City,OK,Oklahoma,40109,Oklahoma,35.4676,-97.5136,972943,417,polygon,FALSE,TRUE,America/Chicago,2,73012 73013 73099 73097 73119 73118 73114 73117 73116 73111 73112 73020 73173 74857 73142 73141 73145 73149 73078 73109 73106 73107 73139 73132 73131 73135 73134 73008 73084 73105 73169 73162 73165 73102 73103 73054 73151 73150 73159 73064 73108 73104 73129 73179 73170 73049 73127 73120 73121 73122 73128 73101 73113 73124 73125 73126 73136 73137 73143 73144 73146 73147 73148 73152 73154 73155 73157 73163 73164 73167 73172 73178 73184 73189 73190 73194 73195,1840020428
Bridgeport,Bridgeport,CT,Connecticut,09001,Fairfield,41.1918,-73.1953,924449,3470,polygon,FALSE,TRUE,America/New_York,2,06605 06604 06607 06606 06608 06610 06601 06602,1840004836
Buffalo,Buffalo,NY,New York,36029,Erie,42.9016,-78.8487,914341,2441,polygon,FALSE,TRUE,America/New_York,2,14208 14209 14202 14203 14201 14206 14207 14204 14220 14222 14218 14211 14210 14213 14212 14215 14214 14216 14205 14233 14240 14263 14264 14267 14269 14270 14272 14273 14276 14280,1840000386
Fort Worth,Fort Worth,TX,Texas,48439,Tarrant,32.7811,-97.3473,909585,1016,polygon,FALSE,TRUE,America/Chicago,2,76164 76040 76134 76135 76137 76131 76132 76133 76109 76108 76105 76104 76107 76106 76103 76102 76155 76006 76053 76052 76129 76123 76120 76244 76008 76179 76177 76036 76140 76262 76118 76119 76116 76117 76114 76115 76112 76110 76111 76127 76126 76101 76113 76121 76122 76124 76130 76147 76150 76161 76162 76163 76166 76190 76191 76193 76195 76196 76197 76198 76199,1840020696
Hartford,Hartford,CT,Connecticut,09003,Hartford,41.7661,-72.6834,905152,2712,polygon,FALSE,TRUE,America/New_York,2,06106 06105 06103 06120 06112 06160 06114 06101 06102 06104 06115 06123 06126 06127 06132 06133 06134 06140 06141 06142 06143 06144 06145 06146 06147 06150 06151 06152 06154 06167 06176 06183,1840004773
Tucson,Tucson,AZ,Arizona,04019,Pima,32.1545,-110.8782,888486,889,polygon,FALSE,TRUE,America/Phoenix,2,85705 85707 85706 85756 85723 85726 85724 85701 85708 85711 85748 85745 85747 85716 85714 85715 85712 85713 85710 85719 85730 85702 85703 85709 85717 85720 85721 85722 85725 85731 85732 85738 85751 85754 85775,1840022101
Omaha,Omaha,NE,Nebraska,31055,Douglas,41.2627,-96.0522,847819,1309,polygon,FALSE,TRUE,America/Chicago,2,68112 68117 68118 68107 68104 68105 68108 68178 68164 68122 68127 68124 68022 68111 68110 68114 68116 68137 68135 68132 68144 68134 68131 68130 68102 68106 68152 68154 68101 68103 68109 68119 68139 68145 68172 68175 68176 68179 68180 68182 68183 68197 68198,1840009315
El Paso,El Paso,TX,Texas,48141,El Paso,31.8479,-106.4309,843386,1022,polygon,FALSE,TRUE,America/Denver,2,79901 79902 79903 79904 79905 79906 79907 79930 79932 79935 79934 79936 79912 79911 79835 79922 79920 79927 79924 79925 79915 79910 79913 79914 79917 79923 79926 79931 79937 79940 79941 79943 79944 79945 79946 79947 79948 79949 79950 79951 79952 79953 79954 79955 79958 79960 79961 79968 79976 79978 79980 79995 79996 79997 79998 79999 88540 88541 88542 88543 88544 88545 88546 88547 88548 88549 88550 88553 88554 88555 88556 88557 88558 88559 88560 88561 88562 88563 88565 88566 88567 88568 88569 88570 88571 88572 88573 88574 88575 88576 88577 88578 88579 88580 88581 88582 88583 88584 88585 88586 88588 88590 88595,1840023252
Honolulu,Honolulu,HI,Hawaii,15003,Honolulu,21.3294,-157.8460,820987,2200,polygon,FALSE,TRUE,Pacific/Honolulu,2,96859 96850 96822 96826 96813 96815 96814 96817 96816 96819 96818 96801 96802 96803 96804 96805 96806 96807 96808 96809 96810 96811 96812 96820 96823 96828 96830 96836 96837 96838 96839 96840 96841 96843 96844 96846 96847 96848 96849 96858 96898,1840013305
McAllen,McAllen,TX,Texas,48215,Hidalgo,26.2273,-98.2471,804114,841,polygon,FALSE,TRUE,America/Chicago,2,78573 78504 78503 78501 78502 78505,1840021024
Albuquerque,Albuquerque,NM,New Mexico,35001,Bernalillo,35.1053,-106.6464,761195,1155,polygon,FALSE,TRUE,America/Denver,2,87121 87120 87123 87112 87113 87110 87111 87116 87114 87109 87108 87102 87105 87104 87107 87106 87119 87125 87131 87151 87153 87154 87158 87181 87184 87187 87190 87191 87192 87194 87196 87197 87198 87199,1840019176
Birmingham,Birmingham,AL,Alabama,01073,Jefferson,33.5277,-86.7987,739573,553,polygon,FALSE,TRUE,America/Chicago,2,35218 35214 35215 35217 35210 35211 35212 35213 35243 35242 35224 35221 35222 35228 35203 35207 35206 35205 35204 35209 35208 35254 35068 35061 35234 35235 35233 35201 35202 35220 35232 35237 35238 35246 35249 35255 35259 35261 35270 35282 35283 35285 35287 35290 35291 35292 35294 35295 35297 35298,1840006507
Sarasota,Sarasota,FL,Florida,12115,Sarasota,27.3386,-82.5431,722243,1528,polygon,FALSE,TRUE,America/New_York,2,34232 34234 34237 34236 34239 34276,1840015988
Dayton,Dayton,OH,Ohio,39113,Montgomery,39.7797,-84.1998,718353,978,polygon,FALSE,TRUE,America/New_York,2,45432 45402 45403 45406 45404 45405 45409 45428 45420 45424 45410 45414 45417 45419 45377 45401 45412 45422 45423 45481 45490,1840034249
Rochester,Rochester,NY,New York,36055,Monroe,43.1680,-77.6162,703952,2220,polygon,FALSE,TRUE,America/New_York,2,14608 14609 14606 14604 14605 14607 14627 14620 14621 14619 14615 14614 14617 14611 14610 14613 14612 14602 14603 14638 14639 14642 14643 14644 14646 14647 14649 14650 14651 14653,1840000373
Fresno,Fresno,CA,California,06019,Fresno,36.7831,-119.7941,703498,1789,polygon,FALSE,TRUE,America/Los_Angeles,2,93730 93650 93702 93703 93701 93706 93704 93705 93728 93720 93721 93722 93726 93727 93711 93710 93707 93708 93709 93714 93715 93716 93717 93718 93724 93729 93740 93744 93745 93750 93755 93760 93761 93764 93765 93771 93772 93774 93775 93776 93777 93778 93779 93790 93791 93792 93793 93794 93844,1840020319
Allentown,Allentown,PA,Pennsylvania,42077,Lehigh,40.5961,-75.4756,683794,2672,polygon,FALSE,TRUE,America/New_York,2,18105 18104 18101 18103 18102 18109 18001,1840001044
Tulsa,Tulsa,OK,Oklahoma,40143,Tulsa,36.1284,-95.9042,671033,784,polygon,FALSE,TRUE,America/Chicago,2,74133 74134 74135 74132 74130 74136 74137 74145 74127 74112 74114 74115 74117 74119 74015 74105 74129 74128 74120 74126 74110 74116 74107 74106 74104 74103 74146 74108 74101 74121 74141 74147 74148 74149 74150 74152 74153 74155 74156 74158 74159 74169 74170 74171 74172 74182 74186 74187 74192 74193,1840021672
Cape Coral,Cape Coral,FL,Florida,12071,Lee,26.6446,-81.9956,668382,708,polygon,FALSE,TRUE,America/New_York,2,33991 33990 33993 33914 33909 33904 33910 33911 33915,1840015130
Concord,Concord,CA,California,06013,Contra Costa,37.9722,-122.0016,652308,1633,polygon,FALSE,TRUE,America/Los_Angeles,2,94518 94519 94521 94520 94522 94524 94527,1840018905
Colorado Springs,Colorado Springs,CO,Colorado,08041,El Paso,38.8674,-104.7606,642413,946,polygon,FALSE,TRUE,America/Denver,2,80951 80909 80904 80905 80906 80907 80903 80939 80938 80910 80917 80916 80915 80914 80919 80918 80927 80924 80925 80922 80923 80920 80921 80929 80901 80932 80934 80935 80936 80937 80941 80942 80946 80947 80949 80950 80960 80962 80977 80995 80997,1840018825
Charleston,Charleston,SC,South Carolina,45019,Charleston,32.8153,-79.9628,628377,480,polygon,FALSE,TRUE,America/New_York,2,29414 29424 29455 29407 29401 29403 29409 29492 29412 29402 29413 29417 29422 29425 29457,1840015163
Springfield,Springfield,MA,Massachusetts,25013,Hampden,42.1155,-72.5395,623401,1860,polygon,FALSE,TRUE,America/New_York,2,01151 01118 01119 01199 01129 01128 01107 01105 01104 01103 01109 01108 01101 01102 01111 01115 01138 01139 01144 01152,1840000466
Grand Rapids,Grand Rapids,MI,Michigan,26081,Kent,42.9620,-85.6562,609314,1734,polygon,FALSE,TRUE,America/Detroit,2,49546 49507 49506 49505 49504 49503 49508 49501 49502 49514 49515 49523 49555 49588 49599,1840002928
Mission Viejo,Mission Viejo,CA,California,06059,Orange,33.6095,-117.6550,590249,2058,polygon,FALSE,TRUE,America/Los_Angeles,2,92692 92691 92690,1840020580
Albany,Albany,NY,New York,36001,Albany,42.6664,-73.7987,586383,1740,polygon,FALSE,TRUE,America/New_York,2,12208 12209 12204 12206 12207 12202 12203 12205 12210 12222 12201 12223 12226 12228 12229 12230 12231 12232 12233 12234 12235 12236 12237 12238 12239 12240 12241 12242 12243 12244 12245 12246 12248 12250 12255 12257 12260 12261,1840000417
Knoxville,Knoxville,TN,Tennessee,47093,Knox,35.9692,-83.9496,586048,733,polygon,FALSE,TRUE,America/New_York,2,37918 37912 37909 37902 37924 37920 37921 37922 37923 37919 37915 37914 37917 37916 37901 37927 37928 37929 37939 37950 37995 37996 37997,1840014486
Bakersfield,Bakersfield,CA,California,06029,Kern,35.3529,-119.0359,579295,990,polygon,FALSE,TRUE,America/Los_Angeles,2,93306 93307 93304 93305 93301 93309 93314 93311 93313 93312 93302 93383 93384 93385 93387 93389 93390,1840019148
Ogden,Ogden,UT,Utah,49057,Weber,41.2278,-111.9682,578523,1230,polygon,FALSE,TRUE,America/Denver,2,84404 84401 84403 84244 84407 84408 84409 84415,1840020135
Baton Rouge,Baton Rouge,LA,Louisiana,22033,East Baton Rouge,30.4418,-91.1310,570308,983,polygon,FALSE,TRUE,America/Chicago,2,70836 70808 70809 70802 70803 70801 70806 70807 70805 70820 70819 70811 70815 70814 70816 70804 70813 70821 70822 70823 70825 70827 70831 70833 70835 70873 70874 70891 70892 70893 70894 70895 70898,1840013941
Akron,Akron,OH,Ohio,39153,Summit,41.0798,-81.5219,565208,1231,polygon,FALSE,TRUE,America/New_York,2,44306 44307 44304 44305 44302 44303 44301 44308 44320 44311 44310 44313 44312 44319 44314 44309 44315 44316 44317 44325 44326 44328 44334 44396 44398,1840000791
New Haven,New Haven,CT,Connecticut,09009,New Haven,41.3112,-72.9246,564830,2690,polygon,FALSE,TRUE,America/New_York,2,06519 06511 06510 06513 06512 06515 06501 06502 06503 06505 06506 06507 06508 06509 06520 06521 06530 06531 06532 06533 06534 06535 06536 06540,1840004850
Columbia,Columbia,SC,South Carolina,45079,Richland,34.0376,-80.9037,560041,373,polygon,FALSE,TRUE,America/New_York,2,29202 29203 29205 29201 29207 29204 29208 29209 29212 29225 29229 29147 29210 29206 29214 29215 29216 29217 29218 29220 29224 29226 29240 29250,1840014730
Mesa,Mesa,AZ,Arizona,04013,Maricopa,33.4017,-111.7180,518012,1448,polygon,FALSE,TRUE,America/Phoenix,2,85208 85209 85201 85202 85203 85204 85205 85206 85207 85215 85213 85212 85210 85211 85214 85216 85274 85275 85277,1840020566
Palm Bay,Palm Bay,FL,Florida,12009,Brevard,27.9550,-80.6627,507002,456,polygon,FALSE,TRUE,America/New_York,2,32909 32905 32907 32976 32948 32908 32902 32906 32910 32911,1840015094
Provo,Provo,UT,Utah,49049,Utah,40.2457,-111.6457,500617,1080,polygon,FALSE,TRUE,America/Denver,2,84604 84606 84601 84602 84603 84605,1840020174
Worcester,Worcester,MA,Massachusetts,25027,Worcester,42.2705,-71.8079,498328,1916,polygon,FALSE,TRUE,America/New_York,2,01610 01608 01609 01602 01603 01604 01605 01606 01607 01601 01613 01614 01615 01653 01655,1840000434
Murrieta,Murrieta,CA,California,06065,Riverside,33.5720,-117.1909,496046,1335,polygon,FALSE,TRUE,America/Los_Angeles,2,92563 92562,1840020553
Greenville,Greenville,SC,South Carolina,45045,Greenville,34.8353,-82.3647,484465,920,polygon,FALSE,TRUE,America/New_York,2,29614 29607 29605 29601 29609 29602 29603 29604 29612 29616,1840013501
Wichita,Wichita,KS,Kansas,20173,Sedgwick,37.6896,-97.3442,482249,931,polygon,FALSE,TRUE,America/Chicago,2,67230 67235 67260 67217 67216 67215 67214 67213 67212 67211 67210 67219 67218 67223 67220 67226 67202 67203 67204 67205 67206 67207 67208 67209 67201 67275 67276 67277 67278,1840001686
Toledo,Toledo,OH,Ohio,39095,Lucas,41.6639,-83.5822,482111,1308,polygon,FALSE,TRUE,America/New_York,2,43615 43611 43613 43612 43614 43608 43610 43606 43607 43604 43605 43609 43620 43623 43601 43603 43635 43652 43656 43657 43659 43660 43661 43666 43667 43681 43682 43697 43699,1840000572
Staten Island,Staten Island,NY,New York,36085,Richmond,40.5834,-74.1496,476143,3156,polygon,FALSE,TRUE,America/New_York,2,10302 10303 10310 10306 10307 10308 10309 10312 10301 10304 10305 10314,1840034032
Des Moines,Des Moines,IA,Iowa,19153,Polk,41.5725,-93.6105,473957,938,polygon,FALSE,TRUE,America/Chicago,2,50309 50312 50314 50316 50317 50310 50311 50313 50319 50321 50320 50315 50301 50302 50303 50304 50305 50306 50307 50308 50318 50328 50329 50330 50331 50332 50335 50340 50380 50381 50391 50392 50393 50394 50395 50396 50936 50940 50947 50950 50980 50981 50982 50983,1840007069
Long Beach,Long Beach,CA,California,06037,Los Angeles,33.7981,-118.1675,462628,3523,polygon,FALSE,TRUE,America/Los_Angeles,2,90822 90804 90805 90806 90807 90802 90803 90808 90831 90814 90813 90810 90815 90801 90832 90833 90840 90842 90844 90846 90847 90848 90853,1840020490
Port St. Lucie,Port St. Lucie,FL,Florida,12111,St. Lucie,27.2796,-80.3883,461152,653,polygon,FALSE,TRUE,America/New_York,2,34986 34984 34983 34987 34952 34953 34985,1840015119
Denton,Denton,TX,Texas,48121,Denton,33.2176,-97.1419,457177,567,polygon,FALSE,TRUE,America/Chicago,2,76207 76205 76201 76208 76209 76210 76259 76202 76203 76204 76206,1840019390
Madison,Madison,WI,Wisconsin,55025,Dane,43.0826,-89.3931,447245,1263,polygon,FALSE,TRUE,America/Chicago,2,53706 53704 53705 53703 53726 53792 53719 53718 53715 53714 53717 53716 53711 53713 53701 53707 53708 53725 53774 53777 53782 53783 53784 53785 53786 53788 53790 53793 53794,1840002915
Reno,Reno,NV,Nevada,32031,Washoe,39.5497,-119.8483,445020,907,polygon,FALSE,TRUE,America/Los_Angeles,2,89521 89523 89439 89503 89502 89501 89506 89509 89508 89519 89512 89505 89507 89533 89555 89557 89595 89599,1840020121
Harrisburg,Harrisburg,PA,Pennsylvania,42043,Dauphin,40.2752,-76.8843,442289,2343,polygon,FALSE,TRUE,America/New_York,2,17101 17102 17103 17104 17120 17110 17105 17108 17121 17122 17123 17124 17125 17126 17127 17128 17129 17130,1840001288
Little Rock,Little Rock,AR,Arkansas,05119,Pulaski,34.7256,-92.3576,439815,634,polygon,FALSE,TRUE,America/Chicago,2,72211 72210 72212 72223 72209 72202 72201 72206 72207 72204 72205 72103 72227 72215 72217 72219 72222 72225 72231 72255 72260 72295,1840015509
Oakland,Oakland,CA,California,06001,Alameda,37.7903,-122.2165,433031,2991,polygon,FALSE,TRUE,America/Los_Angeles,2,94621 94705 94704 94611 94610 94613 94619 94612 94618 94606 94607 94602 94603 94601 94609 94605 94608 94604 94614 94615 94617 94620 94623 94624 94649 94659 94660 94661 94666,1840020296
Durham,Durham,NC,North Carolina,37063,Durham,35.9794,-78.9031,424700,959,polygon,FALSE,TRUE,America/New_York,2,27703 27705 27704 27707 27701 27709 27712 27713 27706 27708 27710 27715 27717 27722,1840013364
Winston-Salem,Winston-Salem,NC,North Carolina,37067,Forsyth,36.1029,-80.2611,422269,721,polygon,FALSE,TRUE,America/New_York,2,27110 27127 27040 27107 27106 27105 27104 27103 27101 27109 27102 27108 27111 27113 27114 27115 27116 27117 27120 27130 27150 27152 27155 27157 27198 27199,1840015324
Bonita Springs,Bonita Springs,FL,Florida,12071,Lee,26.3559,-81.7861,421291,600,polygon,FALSE,TRUE,America/New_York,2,33931 34134 34135,1840014227
Indio,Indio,CA,California,06065,Riverside,33.7346,-116.2346,417059,1066,polygon,FALSE,TRUE,America/Los_Angeles,2,92241 92201 92203,1840019304
Palm Coast,Palm Coast,FL,Florida,12035,Flagler,29.5392,-81.2460,417007,364,polygon,FALSE,TRUE,America/New_York,2,32164 32136 32137 32135 32142 32143,1840015064
Chattanooga,Chattanooga,TN,Tennessee,47065,Hamilton,35.0657,-85.2488,415501,493,polygon,FALSE,TRUE,America/New_York,2,37415 37416 37410 37411 37419 37409 37421 37363 37408 37403 37402 37407 37405 37406 37404 37343 37351 37350 37401 37414 37424 37450,1840014569
Spokane,Spokane,WA,Washington,53063,Spokane,47.6671,-117.4330,412275,1247,polygon,FALSE,TRUE,America/Los_Angeles,2,99201 99203 99202 99205 99204 99207 99208 99224 99223 99001 99212 99209 99210 99219 99220 99252 99256 99258 99260,1840021093
Syracuse,Syracuse,NY,New York,36067,Onondaga,43.0409,-76.1438,404223,2195,polygon,FALSE,TRUE,America/New_York,2,13210 13214 13290 13224 13207 13206 13205 13204 13203 13202 13208 13201 13217 13218 13221 13235 13244 13252 13261,1840000378
Lancaster,Lancaster,PA,Pennsylvania,42071,Lancaster,40.0421,-76.3012,401524,3166,polygon,FALSE,TRUE,America/New_York,2,17603 17602 17601 17608 17622 17699,1840003718
Arlington,Arlington,TX,Texas,48439,Tarrant,32.6998,-97.1250,398854,1607,polygon,FALSE,TRUE,America/Chicago,2,76040 76006 76001 76002 76018 76013 76012 76011 76010 76017 76016 76015 76014 76003 76004 76005 76007 76019 76094 76096,1840019422
Stockton,Stockton,CA,California,06077,San Joaquin,37.9765,-121.3109,397264,1941,polygon,FALSE,TRUE,America/Los_Angeles,2,95219 95212 95210 95211 95209 95205 95207 95202 95204 95206 95203 95201 95267 95269 95296 95297,1840021517
Poughkeepsie,Poughkeepsie,NY,New York,36027,Dutchess,41.6949,-73.9210,394760,2290,polygon,FALSE,TRUE,America/New_York,2,12601 12603 12602,1840000500
Augusta,Augusta,GA,Georgia,13245,Richmond,33.3645,-82.0708,390809,252,polygon,FALSE,TRUE,America/New_York,2,30912 30815 30812 30907 30906 30904 30901 30905 30909 30805 30914 30916 30917 30919 30999,1840029462
Boise,Boise,ID,Idaho,16001,Ada,43.6007,-116.2312,389280,1056,polygon,FALSE,TRUE,America/Boise,2,83703 83702 83705 83704 83709 83716 83706 83712 83713 83701 83708 83715 83717 83720 83722 83724 83725 83728 83729 83735 83756 83799,1840027142
Oxnard,Oxnard,CA,California,06111,Ventura,34.1963,-119.1815,387647,3040,polygon,FALSE,TRUE,America/Los_Angeles,2,93035 93036 93030 93033 93031 93032 93034,1840020474
Scranton,Scranton,PA,Pennsylvania,42069,Lackawanna,41.4044,-75.6649,384250,1169,polygon,FALSE,TRUE,America/New_York,2,18509 18508 18510 18503 18505 18507 18504 18515 18540,1840003389
Modesto,Modesto,CA,California,06099,Stanislaus,37.6374,-121.0028,383134,1933,polygon,FALSE,TRUE,America/Los_Angeles,2,95358 95356 95355 95354 95351 95350 95352 95353 95397,1840020287
Kissimmee,Kissimmee,FL,Florida,12097,Osceola,28.3042,-81.4164,382720,1349,polygon,FALSE,TRUE,America/New_York,2,34741 34743 34744 34746 34745,1840015109
Aurora,Aurora,CO,Colorado,08001,Adams,39.7087,-104.7273,379289,949,polygon,FALSE,TRUE,America/Denver,2,80247 80137 80045 80018 80019 80016 80017 80014 80015 80012 80013 80010 80011 80040 80041 80042 80044 80046 80047,1840018794
Youngstown,Youngstown,OH,Ohio,39099,Mahoning,41.0993,-80.6463,378732,744,polygon,FALSE,TRUE,America/New_York,2,44502 44503 44504 44505 44506 44507 44509 44511 44510 44501 44555,1840003563
Fayetteville,Fayetteville,AR,Arkansas,05143,Washington,36.0713,-94.1660,351246,625,polygon,FALSE,TRUE,America/Chicago,2,72704 72703 72701 72702,1840013368
Anaheim,Anaheim,CA,California,06059,Orange,33.8390,-117.8572,350365,2688,polygon,FALSE,TRUE,America/Los_Angeles,2,92808 92806 92807 92804 92805 92802 92801 92803 92809 92812 92815 92816 92817 92825 92850 92899,1840019322
Pensacola,Pensacola,FL,Florida,12033,Escambia,30.4427,-87.1886,346921,903,polygon,FALSE,TRUE,America/Chicago,2,32501 32504 32503 32502 32513 32522 32524 32591,1840015005
Victorville,Victorville,CA,California,06071,San Bernardino,34.5277,-117.3536,346789,641,polygon,FALSE,TRUE,America/Los_Angeles,2,92394 92395 92392 92393,1840021731
Lancaster,Lancaster,CA,California,06037,Los Angeles,34.6935,-118.1753,343304,645,polygon,FALSE,TRUE,America/Los_Angeles,2,93535 93534 93536 93539 93584,1840020516
Greensboro,Greensboro,NC,North Carolina,37081,Guilford,36.0956,-79.8269,343090,887,polygon,FALSE,TRUE,America/New_York,2,27410 27455 27214 27408 27409 27403 27401 27406 27407 27405 27402 27404 27411 27412 27413 27417 27420 27427 27429 27435 27438 27495 27497 27498 27499,1840013356
Corpus Christi,Corpus Christi,TX,Texas,48355,Nueces,27.7260,-97.3755,342464,789,polygon,FALSE,TRUE,America/Chicago,2,78373 78408 78409 78406 78407 78404 78405 78402 78401 78419 78418 78414 78417 78416 78411 78410 78413 78412 78403 78426 78427 78460 78463 78465 78466 78467 78468 78469 78472 78480,1840019718
Fort Wayne,Fort Wayne,IN,Indiana,18003,Allen,41.0886,-85.1437,334122,943,polygon,FALSE,TRUE,America/Indiana/Indianapolis,2,46835 46845 46818 46814 46815 46816 46803 46802 46807 46806 46805 46804 46809 46808 46825 46801 46850 46851 46852 46853 46854 46855 46856 46857 46858 46859 46860 46861 46862 46863 46864 46865 46866 46867 46868 46869 46885 46895 46897,1840008261
Santa Ana,Santa Ana,CA,California,06059,Orange,33.7366,-117.8819,332318,4689,polygon,FALSE,TRUE,America/Los_Angeles,2,92703 92701 92705 92704 92707 92706 92702 92712 92735 92799,1840021964
Flint,Flint,MI,Michigan,26049,Genesee,43.0235,-83.6922,332190,1103,polygon,FALSE,TRUE,America/Detroit,2,48553 48551 48504 48505 48506 48507 48502 48503 48550 48552 48556 48557,1840002949
Fayetteville,Fayetteville,NC,North Carolina,37051,Cumberland,35.0846,-78.9776,327435,552,polygon,FALSE,TRUE,America/New_York,2,28304 28305 28306 28307 28301 28303 28308 28390 28311 28310 28314 28302 28309,1840013490
Jackson,Jackson,MS,Mississippi,28049,Hinds,32.3163,-90.2124,325350,558,polygon,FALSE,TRUE,America/Chicago,2,39272 39206 39204 39203 39202 39201 39209 39269 39174 39211 39212 39213 39216 39217 39060 39205 39207 39210 39215 39225 39236 39250 39271 39282 39283 39284 39286 39289 39296 39298,1840014895
Santa Rosa,Santa Rosa,CA,California,06097,Sonoma,38.4458,-122.7067,324634,1605,polygon,FALSE,TRUE,America/Los_Angeles,2,95404 95409 95403 95401 95407 95405 95406,1840021488
Lansing,Lansing,MI,Michigan,26065,Ingham,42.7142,-84.5601,324286,1164,polygon,FALSE,TRUE,America/Detroit,2,48933 48915 48912 48911 48910 48921 48906 48901 48909 48916 48919 48922 48924 48929 48930 48937 48951 48956,1840003102
San Juan,San Juan,PR,Puerto Rico,72127,San Juan,18.4037,-66.0636,323279,3157,polygon,FALSE,FALSE,America/Puerto_Rico,2,00918 00913 00911 00917 00915 00912 00926 00927 00924 00925 00923 00920 00921 00906 00907 00901 00909 00936 00969 00902 00908 00910 00919 00922 00928 00929 00930 00931 00935 00937 00939 00940 00955 00975,1630035577
Lexington,Lexington,KY,Kentucky,21067,Fayette,38.0423,-84.4587,323152,439,polygon,FALSE,TRUE,America/New_York,2,40505 40506 40508 40509 40504 40507 40502 40503 40517 40516 40513 40511 40510 40515 40514 40512 40522 40523 40524 40526 40533 40536 40544 40546 40550 40555 40574 40575 40576 40577 40578 40579 40580 40581 40582 40583 40588 40591 40598,1840015211
Ann Arbor,Ann Arbor,MI,Michigan,26161,Washtenaw,42.2755,-83.7312,322267,1659,polygon,FALSE,TRUE,America/Detroit,2,48103 48104 48105 48108 48109 48113,1840003172
Henderson,Henderson,NV,Nevada,32003,Clark,36.0133,-115.0380,320189,1165,polygon,FALSE,TRUE,America/Los_Angeles,2,89044 89052 89002 89074 89015 89014 89011 89012 89009 89077,1840020361
Huntsville,Huntsville,AL,Alabama,01089,Madison,34.6988,-86.6412,319249,361,polygon,FALSE,TRUE,America/Chicago,2,35801 35803 35802 35805 35806 35741 35824 35763 35757 35756 35810 35811 35816 35896 35762 35804 35807 35809 35814 35815 35893 35894 35895 35897 35899,1840005061
Mobile,Mobile,AL,Alabama,01097,Mobile,30.6783,-88.1162,315502,522,polygon,FALSE,TRUE,America/Chicago,2,36606 36607 36604 36605 36602 36603 36608 36609 36688 36582 36615 36617 36611 36610 36619 36618 36695 36693 36571 36601 36628 36633 36640 36641 36644 36652 36660 36670 36675 36689 36691,1840006009
Fort Collins,Fort Collins,CO,Colorado,08069,Larimer,40.5478,-105.0656,312666,1149,polygon,FALSE,TRUE,America/Denver,2,80521 80528 80526 80524 80525 80523 80527 80553,1840020151
Asheville,Asheville,NC,North Carolina,37021,Buncombe,35.5704,-82.5536,312507,786,polygon,FALSE,TRUE,America/New_York,2,28806 28805 28804 28803 28801 28776 28810 28814 28815 28816,1840013411
Santa Clarita,Santa Clarita,CA,California,06037,Los Angeles,34.4175,-118.4964,312446,1162,polygon,FALSE,TRUE,America/Los_Angeles,2,91321 91351 91350 91355 91354 91387 91322 91382 91385 91386,1840021864
St. Paul,St. Paul,MN,Minnesota,27123,Ramsey,44.9477,-93.1040,308096,2288,polygon,FALSE,TRUE,America/Chicago,2,55114 55117 55116 55119 55130 55101 55155 55102 55103 55106 55107 55104 55105 55108 55131 55133 55144 55145 55146 55164 55170,1840008940
Antioch,Antioch,CA,California,06013,Contra Costa,37.9789,-121.7958,302419,1466,polygon,FALSE,TRUE,America/Los_Angeles,2,94531 94509,1840018903
Lakeland,Lakeland,FL,Florida,12105,Polk,28.0556,-81.9545,302284,654,polygon,FALSE,TRUE,America/New_York,2,33813 33803 33801 33805 33815 33811 33802 33804 33806,1840015108
Trenton,Trenton,NJ,New Jersey,34021,Mercer,40.2236,-74.7641,290716,4238,polygon,FALSE,TRUE,America/New_York,2,08638 08611 08618 08629 08609 08608 08601 08603 08604 08605 08607 08625 08645 08646 08647 08666 08695,1840001383
Lincoln,Lincoln,NE,Nebraska,31109,Lancaster,40.8090,-96.6788,289490,1160,polygon,FALSE,TRUE,America/Chicago,2,68528 68524 68526 68520 68521 68522 68516 68510 68512 68506 68507 68504 68505 68502 68503 68508 68509 68529 68542 68544 68583 68588,1840009357
Springfield,Springfield,MO,Missouri,29077,Greene,37.1943,-93.2916,288090,786,polygon,FALSE,TRUE,America/Chicago,2,65810 65802 65803 65804 65806 65807 65809 65805 65808 65814 65817 65890 65897 65898 65899,1840009904
Anchorage,Anchorage,AK,Alaska,02020,Anchorage,61.1508,-149.1091,288000,65,polygon,FALSE,TRUE,America/Anchorage,2,99518 99515 99517 99516 99513 99540 99567 99587 99508 99506 99507 99504 99505 99502 99503 99501 99577 99509 99511 99514 99520 99521 99522 99523 99524 99529 99530 99599,1840023385
Plano,Plano,TX,Texas,48085,Collin,33.0502,-96.7487,287677,1549,polygon,FALSE,TRUE,America/Chicago,2,75093 75023 75025 75024 75074 75075 75026 75086,1840020662
Irvine,Irvine,CA,California,06059,Orange,33.6772,-117.7738,287401,1691,polygon,FALSE,TRUE,America/Los_Angeles,2,92617 92614 92612 92618 92620 92602 92603 92604 92606 92616 92619 92650 92697 92698,1840019325
Davenport,Davenport,IA,Iowa,19163,Scott,41.5563,-90.6052,285362,617,polygon,FALSE,TRUE,America/Chicago,2,52802 52803 52801 52806 52807 52804 52805 52808 52809,1840007081
Rockford,Rockford,IL,Illinois,17201,Winnebago,42.2597,-89.0641,282762,873,polygon,FALSE,TRUE,America/Chicago,2,61114 61109 61108 61104 61107 61101 61103 61102 61105 61106 61110 61125 61126,1840009132
Newark,Newark,NJ,New Jersey,34013,Essex,40.7245,-74.1725,282011,4509,polygon,FALSE,TRUE,America/New_York,2,07103 07102 07105 07104 07107 07106 07108 07112 07114 07101 07175 07188 07191 07192 07193 07195 07198 07199,1840002791
South Bend,South Bend,IN,Indiana,18141,St. Joseph,41.6767,-86.2696,280498,938,polygon,FALSE,TRUE,America/Indiana/Indianapolis,2,46601 46635 46628 46616 46614 46615 46613 46619 46617 46624 46626 46634 46660 46680 46699,1840009241
Shreveport,Shreveport,LA,Louisiana,22017,Caddo,32.4656,-93.7956,280062,672,polygon,FALSE,TRUE,America/Chicago,2,71129 71101 71103 71104 71105 71106 71107 71108 71109 71119 71118 71102 71120 71130 71133 71134 71135 71136 71138 71148 71149 71151 71152 71153 71154 71156 71161 71162 71163 71164 71165 71166,1840015768
Round Lake Beach,Round Lake Beach,IL,Illinois,17097,Lake,42.3790,-88.0811,279381,2073,polygon,FALSE,TRUE,America/Chicago,2,60073,1840011171
Savannah,Savannah,GA,Georgia,13051,Chatham,32.0281,-81.1784,276295,536,polygon,FALSE,TRUE,America/New_York,2,31322 31409 31408 31401 31405 31404 31407 31406 31419 31415 31403 31412 31416 31418 31420 31421,1840015830
Myrtle Beach,Myrtle Beach,SC,South Carolina,45051,Horry,33.7096,-78.8843,275579,568,polygon,FALSE,TRUE,America/New_York,2,29572 29577 29578,1840014717
Chula Vista,Chula Vista,CA,California,06073,San Diego,32.6281,-117.0145,274492,2134,polygon,FALSE,TRUE,America/Los_Angeles,2,91911 91910 91913 91915 91914 91902 91908 91909 91912 91921,1840019350
Eugene,Eugene,OR,Oregon,41039,Lane,44.0563,-123.1173,273439,1510,polygon,FALSE,TRUE,America/Los_Angeles,2,97405 97404 97401 97403 97402 97440,1840020007
Canton,Canton,OH,Ohio,39151,Stark,40.8075,-81.3677,269418,1040,polygon,FALSE,TRUE,America/New_York,2,44714 44710 44702 44703 44706 44707 44704 44705 44708 44709 44711 44750 44799,1840000963
Lubbock,Lubbock,TX,Texas,48303,Lubbock,33.5659,-101.8878,267648,741,polygon,FALSE,TRUE,America/Chicago,2,79406 79423 79424 79416 79412 79413 79410 79411 79414 79404 79407 79401 79403 79415 79402 79408 79409 79430 79452 79453 79457 79464 79490 79491 79493 79499,1840020604
Reading,Reading,PA,Pennsylvania,42011,Berks,40.3400,-75.9267,267155,3466,polygon,FALSE,TRUE,America/New_York,2,19604 19601 19602 19611 19603 19612,1840001185
Winter Haven,Winter Haven,FL,Florida,12105,Polk,28.0118,-81.7017,267069,538,polygon,FALSE,TRUE,America/New_York,2,33881 33880 33884 33883 33885 33888,1840015970
Salem,Salem,OR,Oregon,41047,Marion,44.9231,-123.0246,266804,1382,polygon,FALSE,TRUE,America/Los_Angeles,2,97302 97301 97306 97304 97317 97309 97310 97311 97312 97314,1840021224
St. Petersburg,St. Petersburg,FL,Florida,12103,Pinellas,27.7931,-82.6652,265351,1656,polygon,FALSE,TRUE,America/New_York,2,33707 33702 33762 33713 33712 33711 33710 33716 33715 33714 33705 33701 33703 33704 33729 33731 33732 33733 33734 33742 33743 33747,1840015977
Lafayette,Lafayette,LA,Louisiana,22055,Lafayette,30.2084,-92.0323,264357,877,polygon,FALSE,TRUE,America/Chicago,2,70508 70507 70506 70503 70501 70502 70504 70505 70509 70593 70596 70598,1840015044
Laredo,Laredo,TX,Texas,48479,Webb,27.5629,-99.4875,262491,958,polygon,FALSE,TRUE,America/Chicago,2,78046 78045 78043 78040 78041 78042,1840021002
Jersey City,Jersey City,NJ,New Jersey,34017,Hudson,40.7161,-74.0682,262075,6863,polygon,FALSE,TRUE,America/New_York,2,07310 07311 07302 07307 07306 07305 07304 07097 07303 07308 07395 07399,1840003600
Concord,Concord,NC,North Carolina,37025,Cabarrus,35.3933,-80.6366,261801,585,polygon,FALSE,TRUE,America/New_York,2,28025 28027 28026,1840014559
Columbus,Columbus,GA,Georgia,13215,Muscogee,32.5100,-84.8771,261445,349,polygon,FALSE,TRUE,America/New_York,2,31829 31820 31909 31904 31905 31906 31907 31901 31903 31808 31902 31908 31914 31917 31993 31995 31997 31998 31999,1840014887
Chandler,Chandler,AZ,Arizona,04013,Maricopa,33.2826,-111.8516,261165,1548,polygon,FALSE,TRUE,America/Phoenix,2,85248 85249 85226 85224 85225 85286 85246,1840019309
McKinney,McKinney,TX,Texas,48085,Collin,33.2015,-96.6669,258277,1148,polygon,FALSE,TRUE,America/Chicago,2,75069 75070 75071 75072,1840020657
Scottsdale,Scottsdale,AZ,Arizona,04013,Maricopa,33.6872,-111.8651,258069,541,polygon,FALSE,TRUE,America/Phoenix,2,85259 85258 85251 85250 85257 85255 85254 85266 85262 85260 85252 85261 85267 85271,1840021940
Killeen,Killeen,TX,Texas,48027,Bell,31.0754,-97.7296,258009,1073,polygon,FALSE,TRUE,America/Chicago,2,76541 76543 76542 76549 76540 76547,1840020854
Tallahassee,Tallahassee,FL,Florida,12073,Leon,30.4551,-84.2526,257601,747,polygon,FALSE,TRUE,America/New_York,2,32311 32312 32399 32304 32303 32301 32309 32308 32302 32306 32307 32313 32314 32315 32316,1840015913
Peoria,Peoria,IL,Illinois,17143,Peoria,40.7520,-89.6153,256286,888,polygon,FALSE,TRUE,America/Chicago,2,61625 61606 61615 61614 61605 61602 61603 61604 61601 61613 61629 61630 61634 61636 61637 61638 61639 61643 61651 61652 61653 61654 61655 61656,1840009373
Wilmington,Wilmington,NC,North Carolina,37129,New Hanover,34.2100,-77.8866,255616,929,polygon,FALSE,TRUE,America/New_York,2,28409 28401 28405 28403 28412 28402 28406 28408,1840015576
Montgomery,Montgomery,AL,Alabama,01101,Montgomery,32.3473,-86.2666,254634,479,polygon,FALSE,TRUE,America/Chicago,2,36064 36112 36113 36110 36111 36117 36115 36116 36108 36105 36104 36106 36109 36107 36101 36114 36118 36120 36121 36123 36124 36125 36130 36131 36132 36135 36140 36141 36142 36177 36191,1840008353
Gilbert,Gilbert,AZ,Arizona,04013,Maricopa,33.3101,-111.7463,254114,1432,polygon,FALSE,TRUE,America/Phoenix,2,85233 85234 85297 85296 85295 85298 85236 85244 85299,1840021947
Glendale,Glendale,AZ,Arizona,04013,Maricopa,33.5791,-112.2311,252381,1582,polygon,FALSE,TRUE,America/Phoenix,2,85301 85303 85302 85304 85306 85308 85355 85305 85307 85309 85310 85311 85312 85318,1840020563
North Las Vegas,North Las Vegas,NV,Nevada,32003,Clark,36.2880,-115.0901,251974,992,polygon,FALSE,TRUE,America/Los_Angeles,2,89032 89031 89030 89086 89084 89085 89081 89115 89033 89087,1840020363
Chesapeake,Chesapeake,VA,Virginia,51550,Chesapeake,36.6778,-76.3024,244835,279,polygon,FALSE,TRUE,America/New_York,2,23325 23324 23323 23322 23321 23320 23326 23327 23328,1840003874
Barnstable,Barnstable,MA,Massachusetts,25001,Barnstable,41.6722,-70.3599,242847,286,polygon,FALSE,TRUE,America/New_York,2,02635 02637 02630 02632 02601 02655 02672 02675 02647 02648 02668 02634,1840031233
Norfolk,Norfolk,VA,Virginia,51710,Norfolk,36.8945,-76.2590,242742,1759,polygon,FALSE,TRUE,America/New_York,2,23509 23508 23507 23504 23503 23502 23505 23518 23510 23513 23517 23551 23523 23511 23501 23506 23514 23515 23519 23529 23541,1840003869
Fremont,Fremont,CA,California,06001,Alameda,37.5265,-121.9852,241110,1201,polygon,FALSE,TRUE,America/Los_Angeles,2,94536 94538 94539 94555 94537,1840020292
Kennewick,Kennewick,WA,Washington,53005,Benton,46.1978,-119.1732,240735,1186,polygon,FALSE,TRUE,America/Los_Angeles,2,99337 99336 99338,1840018481
Garland,Garland,TX,Texas,48113,Dallas,32.9100,-96.6305,239928,1623,polygon,FALSE,TRUE,America/Chicago,2,75044 75041 75040 75043 75042 75046 75047 75049,1840020707
Irving,Irving,TX,Texas,48113,Dallas,32.8584,-96.9702,239798,1380,polygon,FALSE,TRUE,America/Chicago,2,75063 75061 75060 75038 75039 75062 75014 75015 75016 75017 75059 75261 75326 75368,1840019438
Visalia,Visalia,CA,California,06107,Tulare,36.3276,-119.3269,237386,1370,polygon,FALSE,TRUE,America/Los_Angeles,2,93277 93291 93292 93278 93279 93290,1840021639
Atlantic City,Atlantic City,NJ,New Jersey,34001,Atlantic,39.3797,-74.4527,237054,1354,polygon,FALSE,TRUE,America/New_York,2,08401 08404 08405,1840003798
Paradise,Paradise,NV,Nevada,32003,Clark,36.0807,-115.1369,235087,1942,polygon,FALSE,FALSE,America/Los_Angeles,2,89103 89102 89109 89183 89169 89118 89119 89121 89120 89123 89111 89132 89136 89154 89157 89159 89160 89170 89177 89193,1840033743
Nashua,Nashua,NH,New Hampshire,33011,Hillsborough,42.7491,-71.4910,233917,1118,polygon,FALSE,TRUE,America/New_York,2,03062 03063 03060 03064 03061,1840002984
Arlington,Arlington,VA,Virginia,51013,Arlington,38.8786,-77.1011,233464,3467,polygon,FALSE,FALSE,America/New_York,2,22209 22203 22202 22201 22207 22206 22205 22204 22214 22211 22213 22210 22212 22215 22216 22217 22219 22225 22226 22227 22230 22240 22241 22242 22243 22244 22245 22246 22350,1840006112
Hialeah,Hialeah,FL,Florida,12086,Miami-Dade,25.8696,-80.3046,233339,4174,polygon,FALSE,TRUE,America/New_York,2,33014 33016 33010 33012 33013 33018,1840015157
York,York,PA,Pennsylvania,42133,York,39.9651,-76.7315,233184,3204,polygon,FALSE,TRUE,America/New_York,2,17404 17401 17403 17405,1840001472
Evansville,Evansville,IN,Indiana,18163,Vanderburgh,37.9881,-87.5341,230427,962,polygon,FALSE,TRUE,America/Chicago,2,47708 47714 47715 47710 47711 47713 47701 47702 47703 47704 47705 47706 47716 47719 47722 47724 47728 47730 47731 47732 47733 47734 47735 47736 47737 47740 47747 47750,1840013730
Avondale,Avondale,AZ,Arizona,04013,Maricopa,33.3858,-112.3236,227289,750,polygon,FALSE,TRUE,America/Phoenix,2,85323 85392 85329,1840019310
Brownsville,Brownsville,TX,Texas,48061,Cameron,25.9980,-97.4565,227239,533,polygon,FALSE,TRUE,America/Matamoros,2,78521 78520 78526 78575 78578,1840019743
Gulfport,Gulfport,MS,Mississippi,28047,Harrison,30.4271,-89.0703,220987,497,polygon,FALSE,TRUE,America/Chicago,2,39501 39503 39507 39502 39505 39506,1840013947
Appleton,Appleton,WI,Wisconsin,55087,Outagamie,44.2779,-88.3891,220570,1156,polygon,FALSE,TRUE,America/Chicago,2,54914 54915 54913 54911 54912 54919,1840002400
Bremerton,Bremerton,WA,Washington,53035,Kitsap,47.5436,-122.7122,218400,561,polygon,FALSE,TRUE,America/Los_Angeles,2,98312 98314 98310 98367 98337,1840018410
Hickory,Hickory,NC,North Carolina,37035,Catawba,35.7425,-81.3230,218323,536,polygon,FALSE,TRUE,America/New_York,2,28601 28602 28603,1840014524
Tacoma,Tacoma,WA,Washington,53053,Pierce,47.2431,-122.4531,217827,1690,polygon,FALSE,TRUE,America/Los_Angeles,2,98422 98421 98402 98403 98404 98405 98408 98409 98406 98407 98465 98416 98418 98444 98401 98411 98412 98413 98415 98417 98419 98448 98471 98481 98490,1840021129
San Bernardino,San Bernardino,CA,California,06071,San Bernardino,34.1417,-117.2946,215784,1341,polygon,FALSE,TRUE,America/Los_Angeles,2,92401 92407 92405 92408 92404 92411 92410 92346 92369 92403 92406 92413 92415 92418 92423 92427,1840021728
College Station,College Station,TX,Texas,48041,Brazos,30.5852,-96.2960,215243,890,polygon,FALSE,TRUE,America/Chicago,2,77845 77840 77841 77842 77843 77844 77881,1840019570
Kalamazoo,Kalamazoo,MI,Michigan,26077,Kalamazoo,42.2749,-85.5882,215193,1192,polygon,FALSE,TRUE,America/Detroit,2,49001 49006 49007 49008 49074 49005 49019,1840003185
Thousand Oaks,Thousand Oaks,CA,California,06111,Ventura,34.1914,-118.8755,215029,885,polygon,FALSE,TRUE,America/Los_Angeles,2,91320 91360 91361 91362 91319 91358 91359,1840021844
Roanoke,Roanoke,VA,Virginia,51770,Roanoke,37.2785,-79.9580,214674,900,polygon,FALSE,TRUE,America/New_York,2,24014 24015 24016 24017 24011 24012 24013 24001 24002 24003 24004 24005 24006 24007 24008 24009 24010 24022 24023 24024 24025 24026 24027 24028 24029 24030 24031 24032 24033 24034 24035 24036 24037 24038 24040 24042 24043,1840003858
Fontana,Fontana,CA,California,06071,San Bernardino,34.0968,-117.4599,214547,1923,polygon,FALSE,TRUE,America/Los_Angeles,2,92335 92336 92337 92331 92334 92402,1840020402
Moreno Valley,Moreno Valley,CA,California,06065,Riverside,33.9244,-117.2045,213055,1604,polygon,FALSE,TRUE,America/Los_Angeles,2,92551 92553 92555 92557 92552 92554 92556,1840020552
North Port,North Port,FL,Florida,12115,Sarasota,27.0577,-82.1975,209070,274,polygon,FALSE,TRUE,America/New_York,2,34286 34287 34288 34289 34293 34291 34266 34223 34290,1840015120
Fargo,Fargo,ND,North Dakota,38017,Cass,46.8652,-96.8292,208675,967,polygon,FALSE,TRUE,America/Chicago,2,58102 58104 58103 58105 58106 58107 58108 58109 58121 58122 58124 58125 58126,1840000177
Green Bay,Green Bay,WI,Wisconsin,55009,Brown,44.5150,-87.9896,207557,887,polygon,FALSE,TRUE,America/Chicago,2,54311 54302 54304 54303 54301 54305 54306 54308,1840002344
Spring Valley,Spring Valley,NV,Nevada,32003,Clark,36.0987,-115.2619,207127,2404,polygon,FALSE,FALSE,America/Los_Angeles,2,89103 89147 89146 89148 89113 89117 89118 89150 89164 89173,1840033832
Amarillo,Amarillo,TX,Texas,48375,Potter,35.1988,-101.8311,205603,756,polygon,FALSE,TRUE,America/Chicago,2,79121 79109 79101 79102 79103 79104 79106 79107 79118 79111 79110 79114 79116 79117 79120 79166 79168 79172 79174 79178 79189,1840019156
Portland,Portland,ME,Maine,23005,Cumberland,43.6773,-70.2715,203969,1185,polygon,FALSE,TRUE,America/New_York,2,04101 04102 04103 04108 04019 04109 04104 04112 04116 04122 04123 04124,1840000327
Santa Barbara,Santa Barbara,CA,California,06083,Santa Barbara,34.4285,-119.7202,202401,1808,polygon,FALSE,TRUE,America/Los_Angeles,2,93105 93101 93103 93109 93102 93106 93120 93121 93130 93140 93190,1840021829
Gainesville,Gainesville,FL,Florida,12001,Alachua,29.6804,-82.3458,202335,820,polygon,FALSE,TRUE,America/New_York,2,32609 32607 32612 32653 32608 32603 32601 32605 32604 32610 32611 32614 32627 32635,1840014022
Olympia,Olympia,WA,Washington,53067,Thurston,47.0417,-122.8959,200915,1119,polygon,FALSE,TRUE,America/Los_Angeles,2,98501 98502 98506 98504 98507 98508,1840019865
Frisco,Frisco,TX,Texas,48085,Collin,33.1555,-96.8215,200490,1136,polygon,FALSE,TRUE,America/Chicago,2,75034 75035 75033 75036,1840020654
Yonkers,Yonkers,NY,New York,36119,Westchester,40.9466,-73.8674,200370,4295,polygon,FALSE,TRUE,America/New_York,2,10708 10703 10701 10705 10704 10707 10710 10702,1840003478
Norwich,Norwich,CT,Connecticut,09011,New London,41.5495,-72.0882,200289,533,polygon,FALSE,TRUE,America/New_York,2,06380 06389 06360,1840004828
Glendale,Glendale,CA,California,06037,Los Angeles,34.1818,-118.2468,199303,2525,polygon,FALSE,TRUE,America/Los_Angeles,2,91210 91214 91046 91201 91204 91208 91203 91202 91205 91207 91206 91020 91209 91221 91222 91225 91226,1840020483
Huntington Beach,Huntington Beach,CA,California,06059,Orange,33.6960,-118.0025,199223,2848,polygon,FALSE,TRUE,America/Los_Angeles,2,92646 92647 92648 92649 90742 92605 92615,1840020578
Deltona,Deltona,FL,Florida,12127,Volusia,28.9050,-81.2137,198361,960,polygon,FALSE,TRUE,America/New_York,2,32725 32738 32739,1840015072
Aurora,Aurora,IL,Illinois,17089,Kane,41.7637,-88.2901,197757,1696,polygon,FALSE,TRUE,America/Chicago,2,60506 60504 60505 60502 60503 60519 60507 60568 60569 60572 60598 60599,1840007034
Tempe,Tempe,AZ,Arizona,04013,Maricopa,33.3881,-111.9318,195805,1891,polygon,FALSE,TRUE,America/Phoenix,2,85281 85282 85283 85284 85280 85285 85287 85288,1840021942
Overland Park,Overland Park,KS,Kansas,20091,Johnson,38.8870,-94.6870,195494,1003,polygon,FALSE,TRUE,America/Chicago,2,66214 66210 66211 66212 66213 66224 66221 66223 66209 66202 66207 66204 66062 66085 66201 66225 66276 66282 66283,1840003834
Grand Prairie,Grand Prairie,TX,Texas,48113,Dallas,32.6872,-97.0209,194543,1039,polygon,FALSE,TRUE,America/Chicago,2,75052 75050 75051 75054 75053 75265,1840020709
Sunrise Manor,Sunrise Manor,NV,Nevada,32003,Clark,36.1785,-115.0490,193781,2241,polygon,FALSE,FALSE,America/Los_Angeles,2,89104 89142 89110 89115 89156 89121 89122 89162 89180,1840033833
Waco,Waco,TX,Texas,48309,McLennan,31.5598,-97.1881,192315,605,polygon,FALSE,TRUE,America/Chicago,2,76798 76710 76711 76712 76708 76701 76707 76706 76704 76702 76703 76714 76797 76799,1840022140
Salinas,Salinas,CA,California,06053,Monterey,36.6884,-121.6317,190972,2562,polygon,FALSE,TRUE,America/Los_Angeles,2,93901 93905 93906 93902 93915,1840021632
Waterbury,Waterbury,CT,Connecticut,09009,New Haven,41.5583,-73.0361,189614,1456,polygon,FALSE,TRUE,America/New_York,2,06708 06702 06704 06706 06705 06710 06701 06703 06720 06721 06722 06723 06724 06725 06726,1840004851
Clarksville,Clarksville,TN,Tennessee,47125,Montgomery,36.5695,-87.3420,188746,618,polygon,FALSE,TRUE,America/Chicago,2,42223 37043 37042 37040 37041 37044,1840014421
Cedar Rapids,Cedar Rapids,IA,Iowa,19113,Linn,41.9665,-91.6782,188038,720,polygon,FALSE,TRUE,America/Chicago,2,52404 52405 52402 52401 52411 52403 52406 52407 52408 52409 52410 52497 52498 52499,1840000471
Sioux Falls,Sioux Falls,SD,South Dakota,46099,Minnehaha,43.5397,-96.7320,187239,907,polygon,FALSE,TRUE,America/Chicago,2,57110 57104 57105 57106 57107 57103 57108 57197 57117 57101 57109 57186 57193,1840002648
Huntington,Huntington,WV,West Virginia,54011,Cabell,38.4109,-82.4344,186034,1073,polygon,FALSE,TRUE,America/New_York,2,25703 25702 25701 25705 25704 25706 25708 25709 25710 25711 25712 25713 25714 25716 25717 25718 25719 25720 25721 25722 25723 25724 25725 25726 25727 25728 25729 25755 25772 25773 25774 25775 25776 25777 25778,1840006211
Ontario,Ontario,CA,California,06071,San Bernardino,34.0393,-117.6064,185010,1429,polygon,FALSE,TRUE,America/Los_Angeles,2,91762 91761 91764 91743 91758,1840020410
Hagerstown,Hagerstown,MD,Maryland,24043,Washington,39.6401,-77.7217,184755,1272,polygon,FALSE,TRUE,America/New_York,2,21740 21742 21741 21747 21749,1840005613
Erie,Erie,PA,Pennsylvania,42049,Erie,42.1168,-80.0733,184484,1926,polygon,FALSE,TRUE,America/New_York,2,16546 16510 16511 16508 16502 16507 16504 16503 16501 16512 16514 16522 16530 16534 16538 16541 16544 16550 16553,1840000478
Vancouver,Vancouver,WA,Washington,53011,Clark,45.6366,-122.5967,184463,1461,polygon,FALSE,TRUE,America/Los_Angeles,2,98684 98664 98665 98660 98661 98662 98663 98682 98683 98687,1840021189
Nampa,Nampa,ID,Idaho,16027,Canyon,43.5845,-116.5631,184428,1167,polygon,FALSE,TRUE,America/Boise,2,83651 83686 83687,1840020041
Spartanburg,Spartanburg,SC,South Carolina,45083,Spartanburg,34.9437,-81.9257,182701,730,polygon,FALSE,TRUE,America/New_York,2,29302 29301 29307 29306 29304 29319,1840015482
Gastonia,Gastonia,NC,North Carolina,37071,Gaston,35.2494,-81.1853,182581,577,polygon,FALSE,TRUE,America/New_York,2,28054 28056 28052,1840013468
Fort Lauderdale,Fort Lauderdale,FL,Florida,12011,Broward,26.1412,-80.1464,182437,2036,polygon,FALSE,TRUE,America/New_York,2,33301 33304 33305 33306 33308 33309 33334 33316 33315 33312 33311 33320 33336 33338 33339 33340 33346 33348 33394,1840014236
Lorain,Lorain,OH,Ohio,39093,Lorain,41.4409,-82.1840,180279,1041,polygon,FALSE,TRUE,America/New_York,2,44052 44053 44055,1840000644
Murfreesboro,Murfreesboro,TN,Tennessee,47149,Rutherford,35.8492,-86.4119,179951,919,polygon,FALSE,TRUE,America/Chicago,2,37132 37130 37129 37128 37127 37131 37133,1840014495
High Point,High Point,NC,North Carolina,37081,Guilford,35.9907,-79.9938,179913,777,polygon,FALSE,TRUE,America/New_York,2,27282 27235 27262 27263 27265 27260 27261 27264 27268,1840014479
Newport News,Newport News,VA,Virginia,51700,Newport News,37.1051,-76.5185,179225,1002,polygon,FALSE,TRUE,America/New_York,2,23601 23603 23608 23604 23605 23606 23607 23602 23609 23612 23628 23630,1840003862
Rancho Cucamonga,Rancho Cucamonga,CA,California,06071,San Bernardino,34.1248,-117.5666,177603,1709,polygon,FALSE,TRUE,America/Los_Angeles,2,91730 91701 91739 91737 91729,1840020411
Hemet,Hemet,CA,California,06065,Riverside,33.7341,-116.9969,177253,1125,polygon,FALSE,TRUE,America/Los_Angeles,2,92545 92543 92546,1840020550
Santa Cruz,Santa Cruz,CA,California,06087,Santa Cruz,36.9789,-122.0346,176428,1957,polygon,FALSE,TRUE,America/Los_Angeles,2,95065 95064 95060 95062 95061 95063 95067,1840021579
Danbury,Danbury,CT,Connecticut,09001,Fairfield,41.4016,-73.4710,176030,779,polygon,FALSE,TRUE,America/New_York,2,06810 06811 06813,1840004837
Peoria,Peoria,AZ,Arizona,04013,Maricopa,33.7844,-112.2989,175961,386,polygon,FALSE,TRUE,America/Phoenix,2,85381 85383 85382 85373 85345 85342 85380 85385,1840020567
Oceanside,Oceanside,CA,California,06073,San Diego,33.2247,-117.3083,175742,1644,polygon,FALSE,TRUE,America/Los_Angeles,2,92054 92057 92058 92056 92049 92051 92052 92068,1840020623
Elk Grove,Elk Grove,CA,California,06067,Sacramento,38.4160,-121.3842,174775,1605,polygon,FALSE,TRUE,America/Los_Angeles,2,95757 95758 95624 95759,1840020245
Pembroke Pines,Pembroke Pines,FL,Florida,12011,Broward,26.0128,-80.3382,173591,2051,polygon,FALSE,TRUE,America/New_York,2,33029 33028 33024 33026 33023 33027 33025 33084,1840015141
Vallejo,Vallejo,CA,California,06095,Solano,38.1133,-122.2358,173256,1524,polygon,FALSE,TRUE,America/Los_Angeles,2,94592 94590 94591 94589,1840021499
Garden Grove,Garden Grove,CA,California,06059,Orange,33.7787,-117.9601,171644,3690,polygon,FALSE,TRUE,America/Los_Angeles,2,92844 92843 92840 92841 92845 92842 92846,1840020577
Enterprise,Enterprise,NV,Nevada,32003,Clark,36.0164,-115.2208,171108,1292,polygon,FALSE,FALSE,America/Los_Angeles,2,89178 89183 89054 89139 89141 89148 89113 89118 89119 89123,1840033827
Medford,Medford,OR,Oregon,41029,Jackson,42.3372,-122.8537,170876,1243,polygon,FALSE,TRUE,America/Los_Angeles,2,97504 97501,1840020076
Cary,Cary,NC,North Carolina,37183,Wake,35.7820,-78.8191,170282,1119,polygon,FALSE,TRUE,America/New_York,2,27560 27511 27518 27519 27513 27512,1840016196
Marysville,Marysville,WA,Washington,53061,Snohomish,48.0809,-122.1561,170009,1308,polygon,FALSE,TRUE,America/Los_Angeles,2,98271 98270,1840019789
Corona,Corona,CA,California,06065,Riverside,33.8616,-117.5649,169868,1640,polygon,FALSE,TRUE,America/Los_Angeles,2,92882 92880 92881 92879 92877 92878,1840019305
Ocala,Ocala,FL,Florida,12083,Marion,29.1780,-82.1511,169383,496,polygon,FALSE,TRUE,America/New_York,2,34475 34474 34471 34470 32111 34477 34478 34483,1840015067
Fredericksburg,Fredericksburg,VA,Virginia,51630,Fredericksburg,38.2992,-77.4872,168909,1072,polygon,FALSE,TRUE,America/New_York,2,22401 22404 22412,1840003845
Gainesville,Gainesville,GA,Georgia,13139,Hall,34.2903,-83.8301,167371,506,polygon,FALSE,TRUE,America/New_York,2,30501 30507 30504,1840013612
Manchester,Manchester,NH,New Hampshire,33011,Hillsborough,42.9848,-71.4447,162877,1315,polygon,FALSE,TRUE,America/New_York,2,03109 03104 03101 03103 03102 03105 03108 03111,1840002983
Bayamn,Bayamon,PR,Puerto Rico,72021,Bayamn,18.3793,-66.1635,161034,2304,polygon,FALSE,FALSE,America/Puerto_Rico,2,00959 00957 00956 00934 00960 00961 00966 00916,1630035622
Champaign,Champaign,IL,Illinois,17019,Champaign,40.1144,-88.2735,159443,1503,polygon,FALSE,TRUE,America/Chicago,2,61822 61820 61821 61824 61825 61826,1840007239
Alexandria,Alexandria,VA,Virginia,51510,Alexandria,38.8185,-77.0861,159428,4121,polygon,FALSE,TRUE,America/New_York,2,22302 22301 22304 22305 22311 22314 20598 22320 22331 22332 22333 22334,1840003837
Hayward,Hayward,CA,California,06001,Alameda,37.6328,-122.0772,159203,1349,polygon,FALSE,TRUE,America/Los_Angeles,2,94541 94542 94545 94544 94540 94543 94557,1840020293
Springfield,Springfield,IL,Illinois,17167,Sangamon,39.7710,-89.6538,158509,723,polygon,FALSE,TRUE,America/Chicago,2,62711 62712 62702 62703 62701 62707 62704 62705 62706 62715 62716 62719 62722 62726 62736 62739 62756 62757 62761 62762 62763 62764 62765 62766 62767 62769 62776 62777 62781 62786 62796,1840009517
Lakewood,Lakewood,CO,Colorado,08059,Jefferson,39.6977,-105.1168,157935,1416,polygon,FALSE,TRUE,America/Denver,2,80465 80232 80235 80214 80215 80227 80226 80228 80201 80225,1840020198
Lafayette,Lafayette,IN,Indiana,18157,Tippecanoe,40.3990,-86.8594,157820,942,polygon,FALSE,TRUE,America/Indiana/Indianapolis,2,47909 47905 47904 47901 47902 47903,1840008354
Frederick,Frederick,MD,Maryland,24021,Frederick,39.4336,-77.4141,156787,1172,polygon,FALSE,TRUE,America/New_York,2,21705 21703 21702 21701 21709,1840005710
Lake Charles,Lake Charles,LA,Louisiana,22019,Calcasieu,30.2012,-93.2122,156181,674,polygon,FALSE,TRUE,America/Chicago,2,70605 70607 70601 70615 70602 70606 70609 70612 70616 70629,1840015039
Odessa,Odessa,TX,Texas,48135,Ector,31.8831,-102.3406,155998,1052,polygon,FALSE,TRUE,America/Chicago,2,79761 79762 79763 79765 79768 79769,1840020794
Tuscaloosa,Tuscaloosa,AL,Alabama,01125,Tuscaloosa,33.2348,-87.5267,155499,631,polygon,FALSE,TRUE,America/Chicago,2,35475 35476 35405 35404 35406 35401 35403 35407 35486 35487,1840005563
Warner Robins,Warner Robins,GA,Georgia,13153,Houston,32.5970,-83.6529,155140,805,polygon,FALSE,TRUE,America/New_York,2,31088 31005 31093 31099,1840015800
Palmdale,Palmdale,CA,California,06037,Los Angeles,34.5944,-118.1057,155079,564,polygon,FALSE,TRUE,America/Los_Angeles,2,93552 93550 93591 93551 93590 93599,1840020502
Hollywood,Hollywood,FL,Florida,12011,Broward,26.0294,-80.1679,154817,2192,polygon,FALSE,TRUE,America/New_York,2,33019 33024 33023 33021 33020 33004 33316 33312 33022 33081 33082 33302,1840015144
Midland,Midland,TX,Texas,48329,Midland,32.0249,-102.1137,154793,758,polygon,FALSE,TRUE,America/Chicago,2,79701 79706 79707 79705 79703 79702 79708 79711,1840020792
Leesburg,Leesburg,FL,Florida,12069,Lake,28.7657,-81.8996,154574,249,polygon,FALSE,TRUE,America/New_York,2,34748 34762 34736 34749 34789,1840015083
Port Arthur,Port Arthur,TX,Texas,48245,Jefferson,29.8554,-93.9264,154468,272,polygon,FALSE,TRUE,America/Chicago,2,77655 77640 77642 77611 77641 77643,1840020919
Muskegon,Muskegon,MI,Michigan,26121,Muskegon,43.2281,-86.2563,153565,998,polygon,FALSE,TRUE,America/Detroit,2,49442 49440 49441,1840002870
Macon,Macon,GA,Georgia,13021,Bibb,32.8065,-83.6974,153159,237,polygon,FALSE,TRUE,America/New_York,2,31206 31052 31210 31211 31213 31216 31217 31207 31204 31201 31220 31202 31203 31205 31208 31209 31221 31294 31295 31296 31297,1840043455
Kansas City,Kansas City,KS,Kansas,20209,Wyandotte,39.1234,-94.7443,152960,473,polygon,FALSE,TRUE,America/Chicago,2,66101 66102 66103 66104 66105 66106 66109 66115 66112 66111 66118 66110 66117 66119 66160,1840001626
Sunnyvale,Sunnyvale,CA,California,06085,Santa Clara,37.3836,-122.0256,152703,2676,polygon,FALSE,TRUE,America/Los_Angeles,2,95002 94089 94085 94086 94087 94088,1840021573
Pomona,Pomona,CA,California,06037,Los Angeles,34.0585,-117.7626,151691,2548,polygon,FALSE,TRUE,America/Los_Angeles,2,91766 91767 91768 91769,1840020507
Escondido,Escondido,CA,California,06073,San Diego,33.1347,-117.0722,151625,1568,polygon,FALSE,TRUE,America/Los_Angeles,2,92029 92025 92026 92027 92030 92033 92046,1840020620
Pasadena,Pasadena,TX,Texas,48201,Harris,29.6583,-95.1499,151227,1339,polygon,FALSE,TRUE,America/Chicago,2,77058 77059 77586 77506 77507 77504 77505 77502 77503 77258 77501 77508,1840020930
New Bedford,New Bedford,MA,Massachusetts,25005,Bristol,41.6697,-70.9428,149910,1840,polygon,FALSE,TRUE,America/New_York,2,02740 02744 02745 02746 02741 02742,1840003219
Fairfield,Fairfield,CA,California,06095,Solano,38.2592,-122.0324,148683,1097,polygon,FALSE,TRUE,America/Los_Angeles,2,94585 94533 94534 94535,1840020253
Naperville,Naperville,IL,Illinois,17043,DuPage,41.7483,-88.1657,148449,1476,polygon,FALSE,TRUE,America/Chicago,2,60540 60563 60564 60565 60567,1840008143
Bellevue,Bellevue,WA,Washington,53033,King,47.5951,-122.1535,148164,1709,polygon,FALSE,TRUE,America/Los_Angeles,2,98004 98005 98006 98007 98008 98009 98015,1840018417
Binghamton,Binghamton,NY,New York,36007,Broome,42.1014,-75.9093,148145,1635,polygon,FALSE,TRUE,America/New_York,2,13904 13905 13901 13903,1840000460
Elkhart,Elkhart,IN,Indiana,18039,Elkhart,41.6916,-85.9628,147567,734,polygon,FALSE,TRUE,America/Indiana/Indianapolis,2,46514 46517 46516 46515,1840008187
Topeka,Topeka,KS,Kansas,20177,Shawnee,39.0346,-95.6955,147458,787,polygon,FALSE,TRUE,America/Chicago,2,66621 66622 66609 66608 66607 66606 66605 66604 66603 66611 66612 66614 66616 66601 66624 66625 66626 66629 66636 66647 66667 66675 66683 66699,1840001621
Joliet,Joliet,IL,Illinois,17197,Will,41.5189,-88.1499,147344,886,polygon,FALSE,TRUE,America/Chicago,2,60421 60586 60432 60433 60431 60436 60435 60434,1840008192
Beaumont,Beaumont,TX,Texas,48245,Jefferson,30.0849,-94.1451,146091,547,polygon,FALSE,TRUE,America/Chicago,2,77708 77705 77706 77707 77701 77702 77703 77713 77704 77710 77720 77725 77726,1840019612
Paterson,Paterson,NJ,New Jersey,34031,Passaic,40.9147,-74.1624,145233,6665,polygon,FALSE,TRUE,America/New_York,2,07524 07522 07514 07513 07505 07502 07504 07501 07503 07507 07509 07510 07533 07543 07544,1840000838
Merced,Merced,CA,California,06047,Merced,37.3057,-120.4778,145149,1390,polygon,FALSE,TRUE,America/Los_Angeles,2,95348 95340 95341 95343,1840020313
Pueblo,Pueblo,CO,Colorado,08101,Pueblo,38.2705,-104.6112,143932,789,polygon,FALSE,TRUE,America/Denver,2,81004 81005 81003 81001 81008 81002 81010 81011 81012,1840020255
Tyler,Tyler,TX,Texas,48423,Smith,32.3184,-95.3062,143796,718,polygon,FALSE,TRUE,America/Chicago,2,75709 75702 75703 75701 75710 75712 75713 75798 75799,1840022076
Torrance,Torrance,CA,California,06037,Los Angeles,33.8346,-118.3417,143592,2701,polygon,FALSE,TRUE,America/Los_Angeles,2,90277 90501 90503 90505 90504 90507 90508 90509 90510,1840021873
Yuma,Yuma,AZ,Arizona,04027,Yuma,32.5992,-114.5488,142847,313,polygon,FALSE,TRUE,America/Phoenix,2,85365 85364 85369,1840021998
Metairie,Metairie,LA,Louisiana,22051,Jefferson,29.9977,-90.1780,142135,2359,polygon,FALSE,FALSE,America/Chicago,2,70002 70003 70001 70006 70005 70004 70009 70010 70011 70033 70055,1840013994
Surprise,Surprise,AZ,Arizona,04013,Maricopa,33.6800,-112.4524,141664,506,polygon,FALSE,TRUE,America/Phoenix,2,85361 85379 85388 85387 85374 85375 85378,1840021941
Columbia,Columbia,MO,Missouri,29019,Boone,38.9478,-92.3256,141645,725,polygon,FALSE,TRUE,America/Chicago,2,65202 65203 65201 65215 65211 65216 65217 65218 65299,1840007391
Athens,Athens,GA,Georgia,13059,Clarke,33.9508,-83.3689,141532,421,polygon,FALSE,TRUE,America/New_York,2,30622 30601 30602 30605 30606 30607 30609 30683 30603 30608 30612,1840029463
Roseville,Roseville,CA,California,06061,Placer,38.7703,-121.3196,141500,1239,polygon,FALSE,TRUE,America/Los_Angeles,2,95661 95747 95678,1840020233
Thornton,Thornton,CO,Colorado,08001,Adams,39.9197,-104.9438,141464,1521,polygon,FALSE,TRUE,America/Denver,2,80260 80233 80241 80602 80640 80023 80229 80614,1840021422
Miramar,Miramar,FL,Florida,12011,Broward,25.9773,-80.3351,141191,1889,polygon,FALSE,TRUE,America/New_York,2,33029 33023 33027 33025,1840015137
Pasadena,Pasadena,CA,California,06037,Los Angeles,34.1597,-118.1390,141029,2371,polygon,FALSE,TRUE,America/Los_Angeles,2,91101 91106 91107 91105 91103 91104 91102 91109 91110 91114 91115 91116 91117 91121 91123 91124 91125 91126 91129 91182 91184 91188 91189 91199,1840020505
Mesquite,Mesquite,TX,Texas,48113,Dallas,32.7623,-96.5889,140937,1151,polygon,FALSE,TRUE,America/Chicago,2,75149 75150 75181 75185 75187,1840020713
Olathe,Olathe,KS,Kansas,20091,Johnson,38.8832,-94.8198,140545,880,polygon,FALSE,TRUE,America/Chicago,2,66062 66061 66051 66063,1840003833
Santa Maria,Santa Maria,CA,California,06083,Santa Barbara,34.9334,-120.4432,140545,1815,polygon,FALSE,TRUE,America/Los_Angeles,2,93454 93455 93458,1840021830
Houma,Houma,LA,Louisiana,22109,Terrebonne,29.5799,-90.7058,140469,874,polygon,FALSE,TRUE,America/Chicago,2,70363 70360 70361,1840015063
